SR Number,Owner Country,Next Owner Country
1-503573772,Belgium,Netherlands
1-504538555,Belgium,Netherlands
1-506071646,POLAND,Netherlands
1-516553982,POLAND,Netherlands
1-522528740,Belgium,Netherlands
1-529067006,POLAND,Netherlands
1-529096847,POLAND,Netherlands
1-530458987,POLAND,Netherlands
1-530772502,POLAND,Netherlands
1-530838254,Belgium,Netherlands
1-530838254,Netherlands,Spain
1-532109338,Belgium,Netherlands
1-536444735,POLAND,Netherlands
1-536481337,POLAND,Netherlands
1-540390551,Belgium,Netherlands
1-541468268,Belgium,Netherlands
1-543317665,POLAND,Netherlands
1-544969832,POLAND,Netherlands
1-544976636,Belgium,Netherlands
1-550213097,Belgium,Netherlands
1-557297151,Belgium,Netherlands
1-559795575,Sweden,Brazil
1-559795575,Brazil,USA
1-559795575,USA,INDIA
1-565045794,POLAND,USA
1-565045794,USA,INDIA
1-565045794,INDIA,Sweden
1-567358917,POLAND,Netherlands
1-577292898,Belgium,Netherlands
1-578864726,Brazil,Sweden
1-580893958,Belgium,United Kingdom
1-580893958,United Kingdom,Netherlands
1-580987781,Sweden,Brazil
1-587101946,Belgium,United Kingdom
1-587101946,United Kingdom,Sweden
1-594260021,POLAND,Netherlands
1-597436480,Sweden,POLAND
1-603556351,France,Sweden
1-603749197,Sweden,Brazil
1-603749197,Brazil,United Kingdom
1-604144478,POLAND,Netherlands
1-605313141,Sweden,Brazil
1-605956457,POLAND,Sweden
1-605956457,Sweden,INDIA
1-606902814,China,USA
1-609835209,POLAND,Netherlands
1-611261188,POLAND,Netherlands
1-614948909,POLAND,Netherlands
1-617858557,Belgium,INDIA
1-617858557,INDIA,Germany
1-618854217,POLAND,Sweden
1-618854217,Sweden,INDIA
1-619069761,Belgium,POLAND
1-619069761,POLAND,Germany
1-620611187,Sweden,Denmark
1-620858291,POLAND,Netherlands
1-621825480,POLAND,Netherlands
1-623778166,Belgium,France
1-627819166,China,Belgium
1-627819166,Belgium,Netherlands
1-627973205,Belgium,POLAND
1-627973205,POLAND,Germany
1-627973205,Germany,Brazil
1-627973205,Brazil,Sweden
1-629364071,China,USA
1-629883996,Belgium,Netherlands
1-630181491,Sweden,Brazil
1-634738521,THAILAND,INDIA
1-634738521,INDIA,POLAND
1-635268712,POLAND,Netherlands
1-635375181,Sweden,Netherlands
1-636928149,POLAND,Netherlands
1-637842042,Belgium,Netherlands
1-638018481,Sweden,Brazil
1-638742591,Belgium,Netherlands
1-638945511,Sweden,POLAND
1-642373523,POLAND,Netherlands
1-642373523,Netherlands,United Kingdom
1-642714990,Belgium,Netherlands
1-642761396,Belgium,Netherlands
1-643546500,Belgium,Netherlands
1-643733486,Belgium,Netherlands
1-643733486,Netherlands,Spain
1-644761840,Belgium,Netherlands
1-647788578,Belgium,Netherlands
1-647953636,Belgium,Netherlands
1-648471635,China,Netherlands
1-649830550,INDIA,Brazil
1-649830550,Sweden,USA
1-649950870,Belgium,Netherlands
1-650013051,Germany,POLAND
1-650013051,POLAND,Korea
1-651196130,Belgium,Sweden
1-651324866,Brazil,Sweden
1-652256138,Belgium,France
1-654423931,Sweden,USA
1-654423931,USA,Korea
1-655281402,Sweden,USA
1-655281402,USA,INDIA
1-656373348,POLAND,Sweden
1-656450664,Belgium,Netherlands
1-657323705,POLAND,United Kingdom
1-657900377,Sweden,POLAND
1-657900377,POLAND,Brazil
1-658345511,USA,Brazil
1-658345511,Brazil,Sweden
1-658515933,INDIA,Sweden
1-659713703,Belgium,Brazil
1-659713703,Brazil,Sweden
1-659713703,Sweden,INDIA
1-659713703,INDIA,Germany
1-660218981,Canada,Brazil
1-660218981,Brazil,USA
1-660218981,USA,INDIA
1-660730501,Belgium,Netherlands
1-660865454,Sweden,Brazil
1-660915327,Belgium,POLAND
1-660915327,POLAND,Brazil
1-660915327,Sweden,INDIA
1-665922195,Sweden,Brazil
1-673825643,INDIA,MALAYSIA
1-673825643,MALAYSIA,Sweden
1-683762637,Belgium,POLAND
1-685098751,Sweden,France
1-686885675,POLAND,Sweden
1-687082195,POLAND,Brazil
1-687082195,Brazil,United Kingdom
1-687082195,United Kingdom,INDIA
1-687082195,INDIA,Sweden
1-687329729,POLAND,RUSSIAN FEDERATION
1-687544011,Germany,POLAND
1-687544011,POLAND,Korea
1-687638428,USA,Sweden
1-687647619,Belgium,Brazil
1-687647619,Brazil,INDIA
1-687647619,INDIA,Germany
1-688278051,Sweden,POLAND
1-688278051,POLAND,France
1-688689511,USA,POLAND
1-688689511,POLAND,Sweden
1-688696731,USA,Brazil
1-688696731,Brazil,Sweden
1-689501709,Belgium,Brazil
1-689501709,Brazil,Germany
1-690238688,Sweden,INDIA
1-690238688,INDIA,POLAND
1-690422411,Sweden,United Kingdom
1-690422411,United Kingdom,Belgium
1-690436171,INDIA,POLAND
1-690436171,POLAND,Sweden
1-690839783,Sweden,Brazil
1-690839783,Brazil,POLAND
1-691049627,POLAND,Netherlands
1-691759626,China,POLAND
1-691782323,Sweden,China
1-691782323,INDIA,Belgium
1-691782323,Belgium,Brazil
1-691832279,Belgium,France
1-691971107,Belgium,Brazil
1-691971107,Brazil,Sweden
1-692009261,Sweden,POLAND
1-692009261,POLAND,Korea
1-692067345,Brazil,Sweden
1-692067345,Sweden,POLAND
1-692758611,Belgium,Netherlands
1-692758994,Belgium,Netherlands
1-693021183,POLAND,Netherlands
1-693412654,Belgium,Netherlands
1-694035053,Belgium,Netherlands
1-694236018,Belgium,POLAND
1-694236018,POLAND,United Kingdom
1-694236018,United Kingdom,Germany
1-694236018,Germany,Brazil
1-694236018,Brazil,INDIA
1-694274811,Sweden,POLAND
1-694274811,POLAND,INDIA
1-694300980,Sweden,POLAND
1-694339964,Belgium,POLAND
1-694339964,POLAND,Brazil
1-694339964,Brazil,Germany
1-694339964,Germany,INDIA
1-694375168,Belgium,Netherlands
1-694457714,POLAND,France
1-694782353,Belgium,INDIA
1-694782353,INDIA,POLAND
1-694844381,Sweden,INDIA
1-694845331,Sweden,INDIA
1-694845331,INDIA,Brazil
1-694899341,Brazil,USA
1-694975897,Belgium,France
1-695221831,Sweden,POLAND
1-695221831,POLAND,USA
1-695486451,Sweden,POLAND
1-695486451,POLAND,China
1-695870591,USA,POLAND
1-695870591,POLAND,Korea
1-695872361,Sweden,POLAND
1-696080795,France,POLAND
1-696080795,POLAND,Sweden
1-696101645,Belgium,France
1-696163170,Brazil,INDIA
1-696361691,Sweden,Brazil
1-696831586,Belgium,Netherlands
1-696861441,USA,Sweden
1-696861441,Sweden,INDIA
1-696911694,Belgium,Netherlands
1-696915401,POLAND,RUSSIAN FEDERATION
1-696981592,Belgium,United Kingdom
1-697528961,France,POLAND
1-697746161,POLAND,Sweden
1-697751037,Belgium,POLAND
1-697751037,POLAND,Germany
1-697751037,Germany,Brazil
1-697751037,Brazil,Austria
1-697774726,INDIA,Belgium
1-697777158,POLAND,France
1-697896972,Belgium,France
1-698029651,USA,Sweden
1-698065363,Belgium,Netherlands
1-698350971,Sweden,INDIA
1-698400941,POLAND,Sweden
1-698400941,Sweden,INDIA
1-698487635,Belgium,United Kingdom
1-698487635,United Kingdom,Sweden
1-698555281,Sweden,POLAND
1-698572466,Brazil,Sweden
1-698843072,INDIA,France
1-698990450,POLAND,Brazil
1-698990450,Brazil,INDIA
1-699016718,Sweden,INDIA
1-699016718,INDIA,United Kingdom
1-699016718,United Kingdom,Brazil
1-699545679,Sweden,POLAND
1-699557832,Belgium,Austria
1-699617036,Sweden,INDIA
1-699703931,Belgium,POLAND
1-699703931,POLAND,Sweden
1-699703931,Sweden,Brazil
1-699703931,Brazil,INDIA
1-699719677,INDIA,Sweden
1-699750568,Sweden,Brazil
1-699989926,Belgium,Brazil
1-699989926,Brazil,INDIA
1-699989926,INDIA,United Kingdom
1-699989926,United Kingdom,POLAND
1-700135371,POLAND,Sweden
1-700245581,Sweden,POLAND
1-700300604,United Kingdom,INDIA
1-700356558,POLAND,Brazil
1-700370143,POLAND,INDIA
1-700427997,POLAND,United Kingdom
1-700427997,United Kingdom,INDIA
1-700466198,Belgium,Brazil
1-700563427,POLAND,Sweden
1-700591261,Belgium,Germany
1-700826141,Sweden,POLAND
1-700955144,POLAND,INDIA
1-701147913,France,Brazil
1-701147913,Brazil,POLAND
1-701284355,Brazil,Sweden
1-701284355,Sweden,POLAND
1-701284355,POLAND,INDIA
1-701488609,Sweden,POLAND
1-701687914,POLAND,INDIA
1-701687914,Brazil,Belgium
1-701799752,Belgium,Brazil
1-701799752,Brazil,POLAND
1-701799752,Sweden,Germany
1-702542377,Belgium,France
1-702551585,China,USA
1-702667331,Sweden,INDIA
1-702667331,INDIA,France
1-703146498,POLAND,Sweden
1-703263656,POLAND,RUSSIAN FEDERATION
1-703279569,INDIA,POLAND
1-703279569,POLAND,Sweden
1-703368981,Sweden,USA
1-703368981,USA,Belgium
1-703430111,Belgium,INDIA
1-703430111,INDIA,POLAND
1-703433841,Brazil,POLAND
1-703888972,POLAND,France
1-703940589,POLAND,France
1-703999194,Belgium,Brazil
1-704030543,Brazil,INDIA
1-704030543,INDIA,Sweden
1-704051851,POLAND,France
1-704096711,France,Sweden
1-704155821,Sweden,POLAND
1-704218008,France,Sweden
1-704223291,France,INDIA
1-704275949,POLAND,INDIA
1-704275949,INDIA,USA
1-704682611,USA,POLAND
1-704747578,POLAND,France
1-704849848,Belgium,Netherlands
1-704849848,Netherlands,Sweden
1-704868231,Sweden,United Kingdom
1-704868231,United Kingdom,Belgium
1-704985732,South Africa,INDIA
1-705050337,Belgium,Netherlands
1-705084201,USA,INDIA
1-705084201,INDIA,Sweden
1-705084201,Sweden,Brazil
1-705201889,POLAND,INDIA
1-705201889,INDIA,United Kingdom
1-705770183,POLAND,Sweden
1-705791051,Sweden,POLAND
1-705791341,Belgium,POLAND
1-705845431,Sweden,Brazil
1-705845431,Brazil,POLAND
1-705847078,POLAND,Sweden
1-705847232,Sweden,USA
1-705901284,POLAND,USA
1-705901284,USA,INDIA
1-705901284,INDIA,Sweden
1-705976449,Sweden,Brazil
1-705976449,Brazil,POLAND
1-705991296,Brazil,POLAND
1-705991296,POLAND,USA
1-706022221,Brazil,Sweden
1-706022221,Sweden,POLAND
1-706095828,USA,Sweden
1-706158289,Brazil,Sweden
1-706221211,Sweden,POLAND
1-706221211,POLAND,France
1-706221681,USA,INDIA
1-706221681,INDIA,Sweden
1-706844801,Sweden,France
1-706845546,POLAND,RUSSIAN FEDERATION
1-706880563,POLAND,Sweden
1-706983808,POLAND,INDIA
1-706996552,POLAND,Sweden
1-706996552,Sweden,Czech Republic
1-707167142,Sweden,Czech Republic
1-707196413,USA,Sweden
1-707231563,Brazil,POLAND
1-707253770,Belgium,United Kingdom
1-707295006,Belgium,POLAND
1-707644921,Belgium,POLAND
1-707644921,POLAND,Brazil
1-707689061,France,POLAND
1-707802351,Sweden,Brazil
1-707802351,Brazil,INDIA
1-707939234,Brazil,France
1-707939234,France,POLAND
1-707939234,POLAND,Sweden
1-707991342,Brazil,Sweden
1-707991342,Sweden,POLAND
1-707991342,POLAND,USA
1-708029447,POLAND,Sweden
1-708029447,Sweden,INDIA
1-708029447,INDIA,Korea
1-708059841,USA,Sweden
1-708116781,Sweden,POLAND
1-708116786,Sweden,POLAND
1-708177338,Japan,INDIA
1-708177338,INDIA,Sweden
1-708505881,China,Sweden
1-708505881,Sweden,POLAND
1-708524564,INDIA,POLAND
1-708526701,France,USA
1-708526701,USA,INDIA
1-708526701,INDIA,Sweden
1-708529881,Sweden,USA
1-708587941,Belgium,Sweden
1-708588651,Sweden,INDIA
1-708605704,Sweden,INDIA
1-708621071,Sweden,POLAND
1-708621211,Sweden,POLAND
1-708621216,Sweden,POLAND
1-708625573,POLAND,Sweden
1-708625573,Sweden,Czech Republic
1-708654057,Sweden,POLAND
1-708654206,Sweden,POLAND
1-708654452,INDIA,POLAND
1-708654452,POLAND,Sweden
1-708654452,Sweden,Brazil
1-708674093,USA,Brazil
1-708840891,Sweden,POLAND
1-708879965,Belgium,Brazil
1-709033790,THAILAND,China
1-709073301,Sweden,POLAND
1-709073651,Sweden,POLAND
1-709073651,POLAND,INDIA
1-709167822,Sweden,POLAND
1-709437564,POLAND,Sweden
1-709456716,Sweden,POLAND
1-709456716,POLAND,Brazil
1-709456716,Brazil,INDIA
1-709465778,POLAND,Belgium
1-709496690,Belgium,Germany
1-709502283,Japan,INDIA
1-709504717,Belgium,Netherlands
1-709505128,POLAND,Sweden
1-709505128,Sweden,Czech Republic
1-709542591,Sweden,Brazil
1-709542591,Brazil,POLAND
1-709544188,POLAND,Sweden
1-709544188,Sweden,INDIA
1-709563207,POLAND,Netherlands
1-709707903,POLAND,Sweden
1-709715968,Belgium,POLAND
1-709715968,POLAND,Brazil
1-709758563,Brazil,Sweden
1-709804068,Brazil,INDIA
1-709804068,INDIA,Sweden
1-709831036,Brazil,China
1-709831036,China,POLAND
1-709831036,POLAND,INDIA
1-709844441,Sweden,POLAND
1-710083211,France,Sweden
1-710083211,Sweden,Brazil
1-710083211,Brazil,POLAND
1-710083501,USA,POLAND
1-710083501,POLAND,INDIA
1-710083501,INDIA,Sweden
1-710083831,INDIA,Sweden
1-710133933,POLAND,USA
1-710177495,POLAND,INDIA
1-710177495,INDIA,Sweden
1-710211491,France,Sweden
1-710211491,Sweden,Belgium
1-710211491,Belgium,Brazil
1-712880822,INDIA,Sweden
1-712880822,Sweden,POLAND
1-712891909,POLAND,RUSSIAN FEDERATION
1-712901719,China,Sweden
1-712908376,INDIA,Sweden
1-712942400,Chile,Brazil
1-712942400,Brazil,INDIA
1-713046754,Japan,China
1-713472354,POLAND,INDIA
1-715416221,Sweden,POLAND
1-715416221,POLAND,Brazil
1-715416221,Brazil,INDIA
1-715416771,Sweden,POLAND
1-715416771,POLAND,INDIA
1-715437063,Belgium,France
1-715505142,Belgium,Austria
1-715505758,INDIA,Sweden
1-715628657,Sweden,INDIA
1-715641871,Sweden,POLAND
1-715658220,INDIA,POLAND
1-715673631,Sweden,Brazil
1-715677131,Belgium,USA
1-715677131,USA,INDIA
1-715713221,Sweden,POLAND
1-715724341,POLAND,INDIA
1-715731471,Sweden,INDIA
1-715731471,INDIA,China
1-715731471,China,Brazil
1-715731471,Brazil,Netherlands
1-715753705,Brazil,Sweden
1-715780861,POLAND,Sweden
1-715860853,Brazil,MALAYSIA
1-715860853,MALAYSIA,INDIA
1-715860853,INDIA,POLAND
1-715860853,POLAND,Sweden
1-715927090,Brazil,POLAND
1-715927090,POLAND,USA
1-715927090,USA,Sweden
1-715977583,China,INDIA
1-715977583,INDIA,Sweden
1-715977583,Sweden,POLAND
1-716035538,POLAND,Sweden
1-716035538,Sweden,INDIA
1-716164282,Sweden,POLAND
1-716195100,Belgium,France
1-716215673,Belgium,Sweden
1-716215673,Sweden,United Kingdom
1-716221928,INDIA,Sweden
1-716221928,Sweden,Brazil
1-716234358,China,Netherlands
1-716290816,Sweden,Brazil
1-716331563,POLAND,Sweden
1-716331563,Sweden,Czech Republic
1-716381288,POLAND,INDIA
1-716381288,INDIA,Sweden
1-716425334,POLAND,INDIA
1-716425334,INDIA,Belgium
1-716425334,Belgium,France
1-716425334,France,Sweden
1-716445231,Sweden,Brazil
1-716445231,Brazil,POLAND
1-716466808,USA,INDIA
1-716510112,USA,INDIA
1-716530349,Belgium,Netherlands
1-716584541,France,POLAND
1-716584541,POLAND,Sweden
1-716584881,Sweden,POLAND
1-716650567,THAILAND,China
1-716688713,Belgium,Sweden
1-716689691,POLAND,INDIA
1-716962496,INDIA,Sweden
1-716962496,Sweden,POLAND
1-716981483,Belgium,INDIA
1-716981483,INDIA,Spain
1-716981483,Spain,POLAND
1-716989377,POLAND,INDIA
1-716989377,INDIA,Sweden
1-717021893,POLAND,Sweden
1-717027282,POLAND,Sweden
1-717027282,Sweden,INDIA
1-717126508,POLAND,INDIA
1-717126508,INDIA,Sweden
1-717126508,Sweden,USA
1-717137957,Sweden,POLAND
1-717173812,Belgium,France
1-717227518,Brazil,INDIA
1-717227518,INDIA,Sweden
1-717275031,Sweden,INDIA
1-717283611,Netherlands,Sweden
1-717446378,Brazil,INDIA
1-717446378,INDIA,Sweden
1-717491930,Brazil,INDIA
1-717714208,POLAND,Sweden
1-717720404,POLAND,Sweden
1-717720404,Sweden,INDIA
1-717764374,INDIA,Sweden
1-717770354,INDIA,Sweden
1-717770354,Sweden,POLAND
1-717795233,POLAND,Sweden
1-717799091,France,POLAND
1-717837851,Sweden,INDIA
1-717843904,POLAND,France
1-717854005,POLAND,United Kingdom
1-717979241,Sweden,Belgium
1-718005400,Brazil,Sweden
1-718028943,POLAND,Sweden
1-718032180,Belgium,POLAND
1-718032180,POLAND,Brazil
1-718100518,USA,Sweden
1-718100518,Sweden,POLAND
1-718132991,France,Brazil
1-718132991,Brazil,POLAND
1-718132991,POLAND,Belgium
1-718133341,Sweden,POLAND
1-718151332,Brazil,Sweden
1-718151332,Sweden,POLAND
1-718162127,USA,Sweden
1-718915746,INDIA,POLAND
1-718965291,INDIA,Sweden
1-718965291,Sweden,POLAND
1-718977997,INDIA,Sweden
1-718997398,Belgium,POLAND
1-719009547,POLAND,INDIA
1-719035508,POLAND,France
1-719069585,POLAND,Sweden
1-719110506,POLAND,France
1-719156663,POLAND,France
1-719171221,Sweden,POLAND
1-719171831,Sweden,Brazil
1-719171831,Brazil,POLAND
1-719232179,POLAND,France
1-719232890,POLAND,France
1-719240042,Sweden,POLAND
1-719240042,POLAND,Czech Republic
1-719251456,USA,Sweden
1-719251456,Sweden,POLAND
1-719272244,Belgium,France
1-719278453,POLAND,Sweden
1-719283506,POLAND,Sweden
1-719317155,Canada,USA
1-719365340,Belgium,POLAND
1-719368467,Sweden,Brazil
1-719368467,Brazil,USA
1-719376891,Belgium,POLAND
1-719401266,USA,Brazil
1-719401266,Brazil,Sweden
1-719410841,Belgium,POLAND
1-719410841,POLAND,Brazil
1-719417071,Sweden,Brazil
1-719417071,Brazil,INDIA
1-719418321,Germany,POLAND
1-719494184,Brazil,INDIA
1-719494184,INDIA,POLAND
1-719494184,POLAND,Sweden
1-719527701,France,POLAND
1-719527701,POLAND,Sweden
1-719545691,China,INDIA
1-719545691,INDIA,Sweden
1-719545691,Sweden,POLAND
1-719557568,INDIA,Sweden
1-719557568,Sweden,POLAND
1-719557848,INDIA,Sweden
1-719557848,Sweden,POLAND
1-719562894,INDIA,Sweden
1-719562894,Sweden,China
1-719564142,Brazil,Sweden
1-719570805,INDIA,Sweden
1-719570805,Sweden,POLAND
1-719604235,THAILAND,INDIA
1-719604235,INDIA,Sweden
1-719604235,Sweden,POLAND
1-719999107,Japan,INDIA
1-720001688,Japan,China
1-720038450,INDIA,POLAND
1-720038450,POLAND,Sweden
1-720050050,POLAND,Sweden
1-720050050,Sweden,INDIA
1-720058448,INDIA,Sweden
1-720058448,Sweden,POLAND
1-720113580,POLAND,INDIA
1-720113580,INDIA,Sweden
1-720121244,Belgium,Netherlands
1-720123132,POLAND,INDIA
1-720123132,INDIA,Sweden
1-720132322,POLAND,Sweden
1-720132322,Sweden,China
1-720139895,POLAND,France
1-720162489,POLAND,RUSSIAN FEDERATION
1-720183338,POLAND,Sweden
1-720204222,INDIA,Sweden
1-720204222,Sweden,POLAND
1-720205701,INDIA,Brazil
1-720206203,POLAND,France
1-720238081,USA,POLAND
1-720238521,Sweden,Brazil
1-720238521,Brazil,USA
1-720238521,USA,INDIA
1-720238611,USA,Sweden
1-720256656,Sweden,POLAND
1-720284313,USA,Sweden
1-720284411,Japan,POLAND
1-720286781,Sweden,INDIA
1-720293692,Brazil,INDIA
1-720303301,INDIA,Sweden
1-720303301,Sweden,Czech Republic
1-720344447,INDIA,POLAND
1-720382341,POLAND,Sweden
1-720397707,Brazil,Sweden
1-720413010,INDIA,USA
1-720444903,POLAND,INDIA
1-720472166,Belgium,France
1-720472355,Belgium,France
1-720480174,USA,Sweden
1-720521568,Belgium,Netherlands
1-720602934,USA,INDIA
1-720602934,INDIA,Brazil
1-720625387,Brazil,Sweden
1-722019330,INDIA,Sweden
1-722019330,Sweden,POLAND
1-722031971,Italy,POLAND
1-722031971,POLAND,Brazil
1-722031971,Brazil,Sweden
1-722032861,Sweden,POLAND
1-722037671,Brazil,USA
1-722037671,USA,Korea
1-722037671,Korea,POLAND
1-722037671,POLAND,INDIA
1-722043575,POLAND,Sweden
1-722043575,Sweden,INDIA
1-722064650,INDIA,Sweden
1-722064650,Sweden,POLAND
1-722135071,Sweden,POLAND
1-722135071,POLAND,INDIA
1-722135191,Belgium,POLAND
1-722135191,POLAND,Sweden
1-722135191,Sweden,INDIA
1-722135421,Sweden,POLAND
1-722180065,POLAND,Sweden
1-722180065,Sweden,INDIA
1-722180141,POLAND,RUSSIAN FEDERATION
1-722195560,INDIA,POLAND
1-722195560,POLAND,Sweden
1-722201622,POLAND,Sweden
1-722206475,POLAND,Sweden
1-722223033,POLAND,France
1-722240826,POLAND,Sweden
1-722261790,POLAND,Sweden
1-722273075,INDIA,China
1-722299587,USA,INDIA
1-722362086,Sweden,POLAND
1-722362086,POLAND,INDIA
1-722385327,POLAND,INDIA
1-722385327,INDIA,Sweden
1-722386222,Belgium,Sweden
1-722393548,Sweden,POLAND
1-722446422,POLAND,Sweden
1-722446651,POLAND,Sweden
1-722446651,Sweden,INDIA
1-722499503,POLAND,Sweden
1-722535466,Belgium,France
1-722551539,POLAND,Sweden
1-722557908,INDIA,Sweden
1-722563391,Sweden,Brazil
1-722563391,Brazil,POLAND
1-722563431,Sweden,POLAND
1-722563431,POLAND,INDIA
1-722563671,Sweden,POLAND
1-722563681,Sweden,POLAND
1-722568166,POLAND,RUSSIAN FEDERATION
1-722568166,RUSSIAN FEDERATION,Sweden
1-722576991,Sweden,POLAND
1-722577581,USA,Brazil
1-722577581,Brazil,France
1-722577581,France,POLAND
1-722586342,Brazil,INDIA
1-722603802,Sweden,POLAND
1-722603802,POLAND,Brazil
1-722698931,Sweden,Brazil
1-722698931,Brazil,POLAND
1-722699121,POLAND,INDIA
1-722699381,Sweden,POLAND
1-726519362,INDIA,Sweden
1-726519362,Sweden,POLAND
1-726519612,Belgium,France
1-726521429,Sweden,POLAND
1-726521429,POLAND,Brazil
1-726521429,Brazil,INDIA
1-726528943,Belgium,Sweden
1-726530157,Sweden,POLAND
1-726530157,POLAND,Brazil
1-726546276,POLAND,France
1-726554431,INDIA,France
1-726554431,France,POLAND
1-726576082,Belgium,Sweden
1-726625483,Belgium,POLAND
1-726625483,POLAND,Germany
1-726625502,INDIA,Sweden
1-726625502,Sweden,POLAND
1-726667991,Sweden,POLAND
1-726668161,USA,Brazil
1-726668161,Brazil,Sweden
1-726695193,INDIA,POLAND
1-726696979,POLAND,Sweden
1-726729135,INDIA,Sweden
1-726747811,POLAND,Sweden
1-726769441,USA,POLAND
1-726777605,INDIA,Sweden
1-726777620,Belgium,INDIA
1-726777620,INDIA,POLAND
1-726777620,POLAND,Brazil
1-726777620,Brazil,China
1-726777620,China,Sweden
1-726797367,POLAND,INDIA
1-726797367,INDIA,Sweden
1-726829050,POLAND,France
1-726829050,France,INDIA
1-726834518,POLAND,INDIA
1-726889557,INDIA,Sweden
1-726889557,Sweden,POLAND
1-726893941,USA,POLAND
1-726893941,POLAND,Sweden
1-726893951,Belgium,POLAND
1-726893951,POLAND,Sweden
1-726893951,Sweden,Brazil
1-726894642,Sweden,POLAND
1-726894711,Sweden,POLAND
1-726894731,Sweden,POLAND
1-726896681,Brazil,Sweden
1-726896681,Sweden,POLAND
1-726907941,Sweden,POLAND
1-726908351,USA,Brazil
1-726908351,Brazil,INDIA
1-726908461,Australia,Brazil
1-726908461,Brazil,INDIA
1-726908881,Sweden,POLAND
1-726908881,POLAND,France
1-726936962,Brazil,Sweden
1-726936962,Sweden,POLAND
1-726936962,POLAND,INDIA
1-726993271,Sweden,China
1-726993271,China,Brazil
1-726993271,Brazil,INDIA
1-726994871,Brazil,INDIA
1-727013401,POLAND,Brazil
1-727021332,POLAND,France
1-727021332,France,INDIA
1-727049292,POLAND,Sweden
1-727049292,Sweden,INDIA
1-727074774,Brazil,Sweden
1-727074774,Sweden,POLAND
1-727104891,USA,Sweden
1-727155202,Belgium,France
1-727176381,INDIA,Sweden
1-727176381,Sweden,Japan
1-727176381,Japan,POLAND
1-727224498,Japan,Sweden
1-728176584,INDIA,POLAND
1-728181260,POLAND,Sweden
1-728181260,Sweden,INDIA
1-728181260,INDIA,France
1-728186672,POLAND,INDIA
1-728186672,INDIA,China
1-728186672,China,Brazil
1-728186672,Brazil,Sweden
1-728236947,Belgium,INDIA
1-728236947,INDIA,POLAND
1-728256681,POLAND,Sweden
1-728261550,INDIA,Belgium
1-728261720,INDIA,Sweden
1-728269093,POLAND,Sweden
1-728269093,Sweden,INDIA
1-728288484,POLAND,RUSSIAN FEDERATION
1-728292674,INDIA,USA
1-728308361,POLAND,RUSSIAN FEDERATION
1-728309860,INDIA,Sweden
1-728309860,Sweden,POLAND
1-728318565,POLAND,INDIA
1-728318565,INDIA,Sweden
1-728326523,POLAND,France
1-728338521,POLAND,France
1-728372131,Sweden,POLAND
1-728380041,Sweden,POLAND
1-728380041,POLAND,USA
1-728380361,Brazil,POLAND
1-728380521,Sweden,Brazil
1-728408911,Belgium,France
1-728409061,Belgium,POLAND
1-728409061,POLAND,France
1-728423732,POLAND,INDIA
1-728429599,INDIA,Sweden
1-728429599,Sweden,POLAND
1-728429698,INDIA,Sweden
1-728429698,Sweden,POLAND
1-728449782,POLAND,RUSSIAN FEDERATION
1-728463083,USA,INDIA
1-728463083,INDIA,Sweden
1-728466992,POLAND,INDIA
1-728466992,INDIA,Sweden
1-728476062,INDIA,Sweden
1-728479140,Sweden,POLAND
1-728515380,Belgium,Sweden
1-728515447,Belgium,Sweden
1-728515447,Sweden,United Kingdom
1-728516315,POLAND,Sweden
1-728516690,POLAND,Sweden
1-728549796,POLAND,Sweden
1-728549796,Sweden,INDIA
1-728564933,POLAND,INDIA
1-728564933,INDIA,Sweden
1-728565252,Brazil,USA
1-728567187,Brazil,INDIA
1-728567187,INDIA,Sweden
1-728567187,Sweden,POLAND
1-728567806,INDIA,Sweden
1-728595344,POLAND,Sweden
1-728604558,Brazil,Sweden
1-728604558,Sweden,POLAND
1-728609400,Brazil,Sweden
1-728609400,Sweden,POLAND
1-728609400,POLAND,INDIA
1-728628057,POLAND,Sweden
1-728628057,Sweden,Brazil
1-728641783,Belgium,Brazil
1-728641783,Brazil,INDIA
1-728641783,INDIA,POLAND
1-728700188,Brazil,Sweden
1-728700188,Sweden,POLAND
1-728722906,Belgium,Brazil
1-728722906,Brazil,POLAND
1-728722906,POLAND,INDIA
1-728728162,Brazil,USA
1-728737339,USA,China
1-728749040,Brazil,Sweden
1-728749040,Sweden,INDIA
1-728749109,Brazil,Sweden
1-728749109,Sweden,INDIA
1-728768797,Belgium,France
1-728827701,Sweden,INDIA
1-729075211,Sweden,POLAND
1-729075211,POLAND,INDIA
1-729080926,Sweden,POLAND
1-729080926,POLAND,Brazil
1-729082121,Sweden,POLAND
1-729082236,Sweden,POLAND
1-729082701,POLAND,Sweden
1-729082871,France,POLAND
1-729278754,Japan,Sweden
1-729278754,Sweden,POLAND
1-729312873,INDIA,Sweden
1-729312873,Sweden,POLAND
1-729315061,Sweden,POLAND
1-729315061,POLAND,Korea
1-729315411,INDIA,POLAND
1-729315411,POLAND,Sweden
1-729337282,China,Sweden
1-729337282,Sweden,INDIA
1-729337282,INDIA,Korea
1-729347720,China,INDIA
1-729347720,INDIA,Brazil
1-729349739,INDIA,Sweden
1-729349739,Sweden,POLAND
1-729351021,France,POLAND
1-729351021,POLAND,Sweden
1-729351591,Sweden,POLAND
1-729351752,Sweden,Japan
1-729356801,United Kingdom,USA
1-729356801,USA,POLAND
1-729358683,Sweden,POLAND
1-729360965,INDIA,France
1-729360965,France,POLAND
1-729371940,INDIA,Brazil
1-729381438,INDIA,Sweden
1-729406081,Sweden,POLAND
1-729406081,POLAND,Korea
1-729406281,Japan,POLAND
1-729406661,Sweden,USA
1-729406661,USA,Korea
1-729413423,POLAND,INDIA
1-729423171,INDIA,POLAND
1-729423171,POLAND,Sweden
1-729423561,POLAND,France
1-729423561,France,Sweden
1-729423561,Sweden,INDIA
1-729440375,POLAND,Sweden
1-729447885,INDIA,Sweden
1-729454597,POLAND,Sweden
1-729454597,Sweden,INDIA
1-729473091,INDIA,Sweden
1-729473517,Belgium,Sweden
1-729482553,POLAND,INDIA
1-729495122,INDIA,Sweden
1-729510194,POLAND,INDIA
1-729510194,INDIA,Sweden
1-729512860,POLAND,INDIA
1-729513010,Sweden,POLAND
1-729519381,USA,Sweden
1-729519781,Sweden,INDIA
1-729527202,Sweden,POLAND
1-729536403,France,Sweden
1-729536403,Sweden,INDIA
1-729564375,POLAND,INDIA
1-729564375,INDIA,Sweden
1-729564393,POLAND,Sweden
1-729580884,POLAND,INDIA
1-729580884,INDIA,Sweden
1-729593276,POLAND,France
1-729598821,INDIA,Sweden
1-729598821,Sweden,POLAND
1-729610251,Sweden,INDIA
1-729610251,INDIA,China
1-729610251,China,Brazil
1-729615221,Belgium,POLAND
1-729615221,POLAND,Sweden
1-729639068,POLAND,Sweden
1-729642101,Sweden,POLAND
1-729642101,POLAND,INDIA
1-729642261,Sweden,POLAND
1-729642342,Brazil,POLAND
1-729650335,Sweden,Czech Republic
1-729654566,POLAND,France
1-729659065,POLAND,RUSSIAN FEDERATION
1-729659239,Brazil,USA
1-729659239,USA,Sweden
1-729681899,POLAND,Sweden
1-729683700,INDIA,POLAND
1-729683700,POLAND,Sweden
1-729696910,POLAND,Brazil
1-729696957,Belgium,Brazil
1-729697264,POLAND,INDIA
1-729697264,INDIA,Sweden
1-729697406,POLAND,INDIA
1-729697514,POLAND,Sweden
1-729697514,Sweden,INDIA
1-729703611,Brazil,INDIA
1-729707456,Sweden,France
1-729724548,POLAND,Netherlands
1-729737371,Sweden,POLAND
1-729748001,Sweden,INDIA
1-729753991,Sweden,INDIA
1-729765503,POLAND,Sweden
1-729765503,Sweden,Brazil
1-729769620,USA,Sweden
1-729769620,Sweden,POLAND
1-729769884,POLAND,INDIA
1-729775220,Belgium,INDIA
1-729775220,INDIA,POLAND
1-729781437,Brazil,POLAND
1-729781697,Belgium,Sweden
1-729799491,Belgium,Brazil
1-729799491,Brazil,United Kingdom
1-729799491,United Kingdom,INDIA
1-729802083,Belgium,POLAND
1-729802083,POLAND,Sweden
1-729802083,Sweden,INDIA
1-729802236,INDIA,POLAND
1-729806213,INDIA,Sweden
1-729806213,Sweden,USA
1-729809195,Brazil,Sweden
1-729809195,Sweden,POLAND
1-729809514,Brazil,Sweden
1-729820770,Brazil,Sweden
1-729826503,Brazil,INDIA
1-729826503,INDIA,Sweden
1-729830322,POLAND,France
1-729843994,Brazil,Sweden
1-729843994,Sweden,POLAND
1-729857533,USA,Sweden
1-729866114,POLAND,Sweden
1-729870359,Brazil,INDIA
1-729893383,Brazil,POLAND
1-729910993,Belgium,POLAND
1-729913690,Brazil,POLAND
1-730005931,Argentina,Brazil
1-730018116,Sweden,POLAND
1-730030995,Belgium,POLAND
1-730035461,Brazil,INDIA
1-730035461,INDIA,POLAND
1-730035461,POLAND,Sweden
1-730040885,Brazil,POLAND
1-730042386,Brazil,INDIA
1-730042386,INDIA,USA
1-730068930,Brazil,INDIA
1-730068930,INDIA,POLAND
1-730071292,Belgium,POLAND
1-730071292,POLAND,INDIA
1-730071341,Sweden,POLAND
1-730071341,POLAND,INDIA
1-730071391,Sweden,POLAND
1-730071581,Sweden,POLAND
1-730071731,Sweden,POLAND
1-730071791,Sweden,POLAND
1-730071831,Sweden,POLAND
1-730077100,Brazil,Sweden
1-730077100,Sweden,POLAND
1-730082325,Brazil,Sweden
1-730126971,Sweden,INDIA
1-730126981,Sweden,INDIA
1-730126981,INDIA,POLAND
1-730127001,Sweden,POLAND
1-730127251,Sweden,POLAND
1-730127251,POLAND,INDIA
1-730127301,Sweden,POLAND
1-730127321,POLAND,INDIA
1-730127381,Sweden,POLAND
1-730127381,POLAND,INDIA
1-730177483,China,INDIA
1-730177483,INDIA,Sweden
1-730188780,POLAND,Sweden
1-730497866,INDIA,China
1-730497866,China,Sweden
1-730509302,POLAND,INDIA
1-730509302,INDIA,USA
1-730509416,POLAND,Sweden
1-730509416,Sweden,France
1-730509461,France,Sweden
1-730509773,POLAND,INDIA
1-730509773,INDIA,Sweden
1-730515189,INDIA,Sweden
1-730515189,Sweden,POLAND
1-730529203,POLAND,Sweden
1-730533489,POLAND,Australia
1-730561221,POLAND,Sweden
1-730561221,Sweden,INDIA
1-730561693,Sweden,POLAND
1-730561693,POLAND,Denmark
1-730604741,POLAND,INDIA
1-730604741,INDIA,Sweden
1-730620137,POLAND,Sweden
1-730620137,Sweden,INDIA
1-730624890,POLAND,INDIA
1-730628190,POLAND,Sweden
1-730640484,POLAND,Sweden
1-730640484,Sweden,INDIA
1-730641578,Sweden,POLAND
1-730655355,POLAND,France
1-730655701,Sweden,POLAND
1-730661521,Sweden,POLAND
1-730661532,INDIA,Sweden
1-730661532,Sweden,POLAND
1-730662807,INDIA,POLAND
1-730662807,POLAND,Sweden
1-730692155,INDIA,Sweden
1-730692155,Sweden,POLAND
1-730692332,POLAND,Sweden
1-730692683,POLAND,Sweden
1-730693647,INDIA,POLAND
1-730694495,Sweden,France
1-730697741,Belgium,Sweden
1-730697741,Sweden,INDIA
1-730698085,INDIA,Sweden
1-730698085,Sweden,POLAND
1-730698833,INDIA,Sweden
1-730698833,Sweden,POLAND
1-730698833,POLAND,Brazil
1-730700447,INDIA,Sweden
1-730700447,Sweden,POLAND
1-730757694,POLAND,INDIA
1-730760509,INDIA,Sweden
1-730760683,INDIA,POLAND
1-730760715,POLAND,Sweden
1-730772841,Belgium,Sweden
1-730772841,Sweden,United Kingdom
1-730784738,INDIA,China
1-730795246,Sweden,Belgium
1-730802686,INDIA,Sweden
1-730811397,POLAND,Sweden
1-730811465,INDIA,Sweden
1-730833007,INDIA,Sweden
1-730833007,Sweden,POLAND
1-730835168,INDIA,Sweden
1-730835168,Sweden,POLAND
1-730835168,POLAND,Czech Republic
1-730835217,POLAND,Sweden
1-730858110,POLAND,Sweden
1-730872746,POLAND,Sweden
1-730884191,Brazil,Sweden
1-730884191,Sweden,POLAND
1-730901311,USA,POLAND
1-730901311,POLAND,INDIA
1-730901311,INDIA,Brazil
1-730901311,Brazil,Sweden
1-730901381,Sweden,POLAND
1-730901481,France,Brazil
1-730901481,Brazil,POLAND
1-730901831,Sweden,POLAND
1-730901831,POLAND,INDIA
1-730901851,Sweden,POLAND
1-730901851,POLAND,INDIA
1-730901861,Sweden,POLAND
1-730901866,Sweden,POLAND
1-730901884,Sweden,POLAND
1-730957378,POLAND,INDIA
1-730957431,POLAND,Sweden
1-730969141,Sweden,Brazil
1-730969141,Brazil,POLAND
1-730969181,Sweden,Brazil
1-730969181,Brazil,POLAND
1-730969241,Sweden,Brazil
1-730969321,Sweden,Brazil
1-730969321,Brazil,POLAND
1-730969381,USA,Brazil
1-730969511,INDIA,POLAND
1-730969611,Sweden,POLAND
1-730969611,POLAND,INDIA
1-730969651,Sweden,POLAND
1-730969661,Sweden,POLAND
1-730969711,Sweden,POLAND
1-730969751,Sweden,POLAND
1-730969761,Sweden,POLAND
1-730969852,Sweden,POLAND
1-730975807,POLAND,Sweden
1-730992013,POLAND,INDIA
1-730997166,POLAND,France
1-730997166,France,Sweden
1-730997865,POLAND,INDIA
1-731025329,POLAND,Sweden
1-731050483,Brazil,Sweden
1-731050483,Sweden,USA
1-731050573,Brazil,Sweden
1-731050573,Sweden,POLAND
1-731064118,Brazil,INDIA
1-731064951,Sweden,INDIA
1-731065059,Sweden,INDIA
1-731065059,INDIA,POLAND
1-731065533,Sweden,POLAND
1-731069701,INDIA,Sweden
1-731094128,POLAND,Sweden
1-731094429,POLAND,INDIA
1-731100012,POLAND,INDIA
1-731102081,POLAND,Brazil
1-731117221,POLAND,France
1-731123267,Brazil,Sweden
1-731134946,POLAND,INDIA
1-731134946,INDIA,Sweden
1-731134946,Sweden,France
1-731142213,Brazil,POLAND
1-731147913,USA,Brazil
1-731151185,Sweden,Netherlands
1-731154856,Brazil,Sweden
1-731154856,Sweden,POLAND
1-731157904,POLAND,France
1-731170911,USA,Sweden
1-731177370,Belgium,INDIA
1-731177370,INDIA,POLAND
1-731188940,Brazil,Sweden
1-731208499,Brazil,USA
1-731208499,USA,Sweden
1-731233155,Brazil,INDIA
1-731233155,INDIA,USA
1-731235386,Brazil,Sweden
1-731241891,Korea,POLAND
1-731266446,INDIA,Sweden
1-731266446,Sweden,POLAND
1-731269853,INDIA,Belgium
1-731276604,Japan,INDIA
1-731333657,Belgium,Sweden
1-731333810,POLAND,France
1-731334678,Brazil,Sweden
1-731341641,POLAND,Sweden
1-731341641,Sweden,INDIA
1-731382356,Japan,Sweden
1-731439432,POLAND,INDIA
1-731439432,INDIA,Brazil
1-731439441,Japan,INDIA
1-731764032,INDIA,Sweden
1-731766006,China,Sweden
1-731766006,Sweden,INDIA
1-731780971,POLAND,United Kingdom
1-731792134,Belgium,INDIA
1-731792134,INDIA,United Kingdom
1-731802560,POLAND,Sweden
1-731809381,POLAND,Sweden
1-731814081,POLAND,RUSSIAN FEDERATION
1-731814945,INDIA,Sweden
1-731814945,Sweden,POLAND
1-731815411,INDIA,Sweden
1-731815411,Sweden,POLAND
1-731818398,POLAND,France
1-731818521,China,Sweden
1-731829901,Sweden,POLAND
1-731829921,Sweden,POLAND
1-731829961,Sweden,POLAND
1-731830011,Sweden,POLAND
1-731830081,Sweden,POLAND
1-731830101,Sweden,POLAND
1-731830131,Sweden,POLAND
1-731830141,Sweden,POLAND
1-731830151,Sweden,POLAND
1-731830191,Sweden,POLAND
1-731830321,Sweden,POLAND
1-731830321,POLAND,INDIA
1-731830361,Sweden,POLAND
1-731830451,Sweden,POLAND
1-731830451,POLAND,Brazil
1-731830821,Sweden,POLAND
1-731830821,POLAND,Brazil
1-731830871,Sweden,POLAND
1-731830871,POLAND,Brazil
1-731830871,Brazil,INDIA
1-731831585,POLAND,Sweden
1-731840332,POLAND,France
1-731840730,INDIA,Sweden
1-731849320,Sweden,INDIA
1-731849320,INDIA,China
1-731849320,China,Brazil
1-731853306,POLAND,INDIA
1-731853501,Japan,INDIA
1-731853501,INDIA,Sweden
1-731861414,China,Korea
1-731868901,Sweden,POLAND
1-731868931,Sweden,POLAND
1-731868981,Sweden,POLAND
1-731869101,Sweden,POLAND
1-731869211,Sweden,POLAND
1-731869271,Sweden,POLAND
1-731869271,POLAND,Brazil
1-731869361,Sweden,POLAND
1-731869361,POLAND,Brazil
1-731869391,INDONESIA,POLAND
1-731869391,POLAND,Sweden
1-731869391,Sweden,INDIA
1-731869451,Sweden,POLAND
1-731869451,POLAND,INDIA
1-731869491,Sweden,POLAND
1-731869491,POLAND,Brazil
1-731869581,Sweden,POLAND
1-731869581,POLAND,Brazil
1-731869591,Sweden,POLAND
1-731869591,POLAND,Brazil
1-731869591,Brazil,INDIA
1-731869641,France,POLAND
1-731869661,Sweden,POLAND
1-731869661,POLAND,Brazil
1-731869721,Sweden,POLAND
1-731869721,POLAND,Brazil
1-731869752,POLAND,Sweden
1-731871593,POLAND,Sweden
1-731879687,POLAND,Sweden
1-731886981,Belgium,POLAND
1-731887861,Sweden,POLAND
1-731887861,POLAND,Korea
1-731890914,INDIA,Sweden
1-731896377,Belgium,INDIA
1-731896377,INDIA,POLAND
1-731896377,POLAND,China
1-731896377,China,Sweden
1-731896377,Sweden,Brazil
1-731897193,Japan,POLAND
1-731897193,POLAND,Sweden
1-731925995,Belgium,Sweden
1-731926201,France,Sweden
1-731966140,POLAND,Sweden
1-731966686,POLAND,France
1-731966686,France,Sweden
1-731967683,POLAND,Sweden
1-731970581,Germany,INDIA
1-731970581,INDIA,POLAND
1-731970581,POLAND,Brazil
1-731970581,Brazil,Sweden
1-731984877,Belgium,INDIA
1-731984877,INDIA,POLAND
1-731984877,POLAND,Brazil
1-731991552,POLAND,Sweden
1-731996648,Sweden,POLAND
1-732011816,POLAND,INDIA
1-732011856,Belgium,POLAND
1-732013295,INDIA,POLAND
1-732017153,Sweden,POLAND
1-732022076,POLAND,Sweden
1-732024480,Belgium,Germany
1-732025104,POLAND,Sweden
1-732025285,POLAND,France
1-732026980,POLAND,INDIA
1-732027653,POLAND,Sweden
1-732030161,Germany,USA
1-732030161,USA,POLAND
1-732030211,USA,POLAND
1-732030831,Sweden,POLAND
1-732030831,POLAND,Korea
1-732062676,POLAND,INDIA
1-732067929,POLAND,Sweden
1-732068791,POLAND,INDIA
1-732068791,INDIA,Brazil
1-732068791,Brazil,Sweden
1-732073496,INDIA,Sweden
1-732081952,Sweden,POLAND
1-732081952,POLAND,Brazil
1-732088178,POLAND,INDIA
1-732099191,POLAND,Sweden
1-732110977,Sweden,POLAND
1-732115634,INDIA,Sweden
1-732121564,Belgium,INDIA
1-732121564,INDIA,POLAND
1-732121564,POLAND,Brazil
1-732124409,Belgium,Brazil
1-732124409,Brazil,INDIA
1-732124409,INDIA,Germany
1-732139419,INDIA,Sweden
1-732139419,Sweden,POLAND
1-732143130,INDIA,Sweden
1-732143130,Sweden,POLAND
1-732171009,POLAND,Sweden
1-732173481,POLAND,USA
1-732173481,USA,INDIA
1-732173481,INDIA,Sweden
1-732177911,USA,INDIA
1-732179211,POLAND,INDIA
1-732179287,POLAND,Sweden
1-732201078,POLAND,Sweden
1-732201078,Sweden,France
1-732202373,POLAND,INDIA
1-732202511,USA,INDIA
1-732202511,INDIA,Sweden
1-732211941,Sweden,POLAND
1-732211961,Sweden,POLAND
1-732212091,Sweden,POLAND
1-732212111,Sweden,POLAND
1-732212211,France,Brazil
1-732212211,Brazil,Sweden
1-732212211,Sweden,POLAND
1-732212211,POLAND,INDIA
1-732212241,Sweden,Brazil
1-732212251,Sweden,Brazil
1-732212251,Brazil,POLAND
1-732212261,Sweden,Brazil
1-732212261,Brazil,POLAND
1-732212261,POLAND,INDIA
1-732212661,Sweden,INDIA
1-732212691,Sweden,POLAND
1-732212731,Sweden,POLAND
1-732212791,Sweden,POLAND
1-732212791,POLAND,INDIA
1-732212891,Sweden,POLAND
1-732218663,Belgium,POLAND
1-732223113,Belgium,Sweden
1-732223113,Sweden,United Kingdom
1-732224539,Sweden,Belgium
1-732228413,POLAND,Sweden
1-732229387,POLAND,Brazil
1-732229669,Brazil,United Kingdom
1-732229669,United Kingdom,POLAND
1-732229853,POLAND,Sweden
1-732247638,Belgium,Brazil
1-732247638,Brazil,POLAND
1-732251858,POLAND,Sweden
1-732254715,POLAND,France
1-732259271,USA,Brazil
1-732259271,Brazil,France
1-732259271,France,POLAND
1-732259291,Sweden,Korea
1-732259291,Korea,INDIA
1-732259341,France,Sweden
1-732259341,Sweden,POLAND
1-732259491,INDIA,POLAND
1-732259491,POLAND,China
1-732259491,China,Sweden
1-732259521,INDIA,POLAND
1-732259521,POLAND,China
1-732259521,China,Sweden
1-732261051,Sweden,Brazil
1-732261051,Brazil,POLAND
1-732261051,POLAND,INDIA
1-732261291,USA,Brazil
1-732261411,Sweden,INDIA
1-732261411,INDIA,POLAND
1-732261521,Sweden,POLAND
1-732261561,Sweden,POLAND
1-732261561,POLAND,INDIA
1-732261891,France,POLAND
1-732289131,POLAND,France
1-732289335,POLAND,Sweden
1-732289939,Sweden,POLAND
1-732296918,Belgium,Brazil
1-732296918,Brazil,POLAND
1-732296918,POLAND,Sweden
1-732296918,Sweden,INDIA
1-732297422,Belgium,Brazil
1-732297422,Brazil,POLAND
1-732297766,Belgium,Brazil
1-732297766,INDIA,China
1-732309611,POLAND,Sweden
1-732316871,France,INDIA
1-732316871,INDIA,POLAND
1-732316871,POLAND,Sweden
1-732332311,Belgium,Sweden
1-732335513,Brazil,Sweden
1-732335513,Sweden,POLAND
1-732348420,Brazil,Sweden
1-732348420,Sweden,POLAND
1-732361418,Belgium,Sweden
1-732385994,USA,Sweden
1-732424301,Japan,INDIA
1-732439530,Brazil,Sweden
1-732439530,Sweden,INDIA
1-732455631,Brazil,INDIA
1-732455631,INDIA,Sweden
1-732473167,Sweden,INDIA
1-732526526,INDIA,Sweden
1-732855871,INDIA,Belgium
1-732862874,Sweden,POLAND
1-732867372,INDIA,Sweden
1-732867372,Sweden,POLAND
1-732875748,China,Sweden
1-732877003,Belgium,INDIA
1-732877003,INDIA,Sweden
1-732883071,Sweden,INDIA
1-732884421,POLAND,Sweden
1-732886198,INDIA,Sweden
1-732886198,Sweden,POLAND
1-732886222,Belgium,Sweden
1-732892273,Japan,Sweden
1-732892273,Sweden,POLAND
1-732892779,China,INDIA
1-732892779,INDIA,Sweden
1-732892779,Sweden,POLAND
1-732893406,POLAND,Sweden
1-732899879,POLAND,Sweden
1-732904675,INDIA,POLAND
1-732909606,Sweden,Brazil
1-732923380,INDIA,Sweden
1-732923380,Sweden,POLAND
1-732933421,China,INDIA
1-732942791,France,Sweden
1-732943705,Sweden,USA
1-732949351,France,USA
1-732960195,INDIA,Belgium
1-732970482,INDIA,POLAND
1-732970505,POLAND,Sweden
1-732970553,POLAND,Sweden
1-732984553,POLAND,INDIA
1-732987137,POLAND,France
1-733009526,INDIA,Sweden
1-733033210,INDIA,Sweden
1-733033210,Sweden,POLAND
1-733037955,POLAND,Sweden
1-733055291,THAILAND,POLAND
1-733073241,Sweden,POLAND
1-733073251,Sweden,POLAND
1-733073371,Sweden,POLAND
1-733073481,Sweden,POLAND
1-733073501,Sweden,POLAND
1-733073501,POLAND,Czech Republic
1-733073541,Sweden,USA
1-733075652,Belgium,Sweden
1-733075863,Belgium,France
1-733076472,France,POLAND
1-733076472,POLAND,Sweden
1-733076551,INDIA,POLAND
1-733076551,POLAND,Sweden
1-733076651,POLAND,France
1-733076651,France,INDIA
1-733076851,Japan,INDIA
1-733076861,USA,POLAND
1-733076871,China,INDIA
1-733076871,INDIA,Sweden
1-733081574,Sweden,POLAND
1-733081574,POLAND,Czech Republic
1-733082240,POLAND,France
1-733083240,Sweden,INDIA
1-733084555,Sweden,POLAND
1-733111867,INDIA,Sweden
1-733111867,Sweden,POLAND
1-733115300,Sweden,INDIA
1-733115976,POLAND,Sweden
1-733120018,Belgium,INDIA
1-733120018,INDIA,POLAND
1-733120018,POLAND,Brazil
1-733131099,INDIA,Brazil
1-733131099,Brazil,Sweden
1-733131099,Sweden,POLAND
1-733135051,Belgium,INDIA
1-733135051,INDIA,POLAND
1-733161095,POLAND,Sweden
1-733161610,INDIA,Sweden
1-733164001,Sweden,Czech Republic
1-733174377,INDIA,Sweden
1-733174377,Sweden,POLAND
1-733177423,Belgium,INDIA
1-733177423,INDIA,POLAND
1-733177423,POLAND,Brazil
1-733198236,Belgium,INDIA
1-733198236,INDIA,POLAND
1-733199874,POLAND,INDIA
1-733199874,INDIA,Brazil
1-733202134,USA,Sweden
1-733202134,Sweden,INDIA
1-733202134,INDIA,Belgium
1-733207651,Belgium,INDIA
1-733207651,INDIA,POLAND
1-733207651,POLAND,Brazil
1-733208951,INDIA,POLAND
1-733208951,POLAND,Sweden
1-733209061,Sweden,POLAND
1-733209121,Sweden,POLAND
1-733209141,Sweden,POLAND
1-733209231,Sweden,POLAND
1-733209291,Turkey,Sweden
1-733209301,Sweden,POLAND
1-733209301,POLAND,INDIA
1-733209371,Sweden,France
1-733209371,France,INDIA
1-733209431,Sweden,Brazil
1-733209431,Brazil,POLAND
1-733209481,Brazil,France
1-733209501,Sweden,Brazil
1-733209501,Brazil,POLAND
1-733209551,USA,Sweden
1-733209761,France,POLAND
1-733209761,POLAND,INDIA
1-733209881,Sweden,POLAND
1-733211401,Sweden,INDIA
1-733240253,POLAND,Sweden
1-733240337,INDIA,Sweden
1-733240337,Sweden,Brazil
1-733240337,Brazil,USA
1-733240459,INDIA,Sweden
1-733240459,Sweden,POLAND
1-733240459,POLAND,Belgium
1-733240668,POLAND,Sweden
1-733244079,INDIA,Sweden
1-733244535,INDIA,Sweden
1-733249884,Brazil,Sweden
1-733249884,Sweden,INDIA
1-733250511,USA,Sweden
1-733252138,POLAND,INDIA
1-733252138,INDIA,Sweden
1-733252138,Sweden,France
1-733254575,POLAND,Sweden
1-733265984,Brazil,Sweden
1-733265984,Sweden,POLAND
1-733271357,Brazil,Sweden
1-733271357,Sweden,POLAND
1-733272407,Canada,Sweden
1-733301711,INDIA,USA
1-733302363,POLAND,Sweden
1-733302878,POLAND,Sweden
1-733302992,Brazil,Sweden
1-733302992,Sweden,POLAND
1-733318093,Belgium,Brazil
1-733318093,Brazil,POLAND
1-733318093,POLAND,INDIA
1-733336652,POLAND,France
1-733345605,Brazil,Belgium
1-733345605,Belgium,Sweden
1-733345605,Sweden,POLAND
1-733348462,USA,Sweden
1-733348917,INDIA,Brazil
1-733348917,Brazil,POLAND
1-733360682,Brazil,Sweden
1-733360682,Sweden,POLAND
1-733364740,Brazil,USA
1-733364740,USA,Sweden
1-733368900,Brazil,INDIA
1-733381485,Brazil,INDIA
1-733381485,INDIA,Sweden
1-733381485,Sweden,POLAND
1-733393162,USA,POLAND
1-733405424,Brazil,POLAND
1-733405424,POLAND,INDIA
1-733405424,INDIA,Sweden
1-733408351,France,USA
1-733413965,Brazil,Sweden
1-733413965,Sweden,POLAND
1-733413965,POLAND,INDIA
1-733420258,Brazil,Sweden
1-733420258,Sweden,POLAND
1-733424129,Belgium,POLAND
1-733424129,POLAND,Brazil
1-733442303,Belgium,POLAND
1-733442303,POLAND,Brazil
1-733449199,Brazil,Sweden
1-733449199,Sweden,POLAND
1-733449471,USA,INDIA
1-733471771,Brazil,Sweden
1-733471771,Sweden,USA
1-733482215,Brazil,Sweden
1-733498926,Brazil,USA
1-733511386,USA,Sweden
1-733539596,POLAND,INDIA
1-733549283,China,INDIA
1-733549283,INDIA,Brazil
1-733552642,INDIA,POLAND
1-733556791,INDIA,Sweden
1-733561308,INDIA,Sweden
1-733561308,Sweden,Brazil
1-733561499,INDIA,MALAYSIA
1-733561635,INDIA,Sweden
1-733561941,USA,POLAND
1-733565953,Korea,POLAND
1-733614122,Singapore,Korea
1-733614122,Korea,POLAND
1-734658425,China,Korea
1-734665561,POLAND,Sweden
1-734666685,POLAND,Sweden
1-734668082,Belgium,USA
1-734668261,China,INDIA
1-734671867,Japan,INDIA
1-734672931,Sweden,POLAND
1-734672931,POLAND,INDIA
1-734673191,Sweden,POLAND
1-734673191,POLAND,INDIA
1-734673221,Sweden,POLAND
1-734673221,POLAND,INDIA
1-734673251,Sweden,POLAND
1-734673331,France,POLAND
1-734673351,Sweden,POLAND
1-734673351,POLAND,INDIA
1-734673391,Sweden,POLAND
1-734673431,Sweden,POLAND
1-734673451,Sweden,POLAND
1-734673481,Sweden,POLAND
1-734673481,POLAND,Brazil
1-734673532,Sweden,POLAND
1-734673532,POLAND,INDIA
1-734673821,Sweden,Brazil
1-734673821,Brazil,POLAND
1-734676637,INDIA,Sweden
1-734676637,Sweden,POLAND
1-734680961,Brazil,Sweden
1-734682252,Sweden,INDIA
1-734682341,POLAND,France
1-734688312,POLAND,INDIA
1-734688312,INDIA,Sweden
1-734688751,POLAND,Sweden
1-734688751,Sweden,RUSSIAN FEDERATION
1-734697082,Belgium,Sweden
1-734697476,POLAND,RUSSIAN FEDERATION
1-734701966,POLAND,France
1-734702136,POLAND,France
1-734705951,POLAND,Sweden
1-734706293,POLAND,INDIA
1-734706379,POLAND,France
1-734706495,POLAND,France
1-734710118,INDIA,Sweden
1-734721812,POLAND,France
1-734722000,Sweden,POLAND
1-734732031,THAILAND,China
1-734734063,POLAND,Sweden
1-734734751,Belgium,POLAND
1-734735344,INDIA,Sweden
1-734735344,Sweden,POLAND
1-734744358,Belgium,INDIA
1-734744358,INDIA,POLAND
1-734750143,INDIA,Belgium
1-734751876,POLAND,INDIA
1-734751876,INDIA,Sweden
1-734756057,POLAND,Sweden
1-734765792,Belgium,France
1-734766481,France,USA
1-734766481,USA,Sweden
1-734775492,Belgium,INDIA
1-734775492,INDIA,POLAND
1-734790231,Sweden,POLAND
1-734790231,POLAND,INDIA
1-734790466,POLAND,INDIA
1-734792384,INDIA,Sweden
1-734796430,Belgium,INDIA
1-734796430,INDIA,POLAND
1-734796430,POLAND,Brazil
1-734796699,POLAND,INDIA
1-734796699,INDIA,France
1-734796707,Belgium,INDIA
1-734796707,INDIA,POLAND
1-734796707,POLAND,Brazil
1-734796736,Belgium,INDIA
1-734796736,INDIA,POLAND
1-734796736,POLAND,Brazil
1-734796835,Belgium,INDIA
1-734796835,INDIA,POLAND
1-734796835,POLAND,Brazil
1-734796892,Belgium,INDIA
1-734796892,INDIA,POLAND
1-734796892,POLAND,Brazil
1-734802189,POLAND,Sweden
1-734802399,POLAND,Sweden
1-734802399,Sweden,Belgium
1-734802554,POLAND,Sweden
1-734802554,Sweden,Japan
1-734805950,Belgium,POLAND
1-734806283,POLAND,Sweden
1-734806457,Sweden,INDIA
1-734806457,INDIA,POLAND
1-734807317,POLAND,Sweden
1-734811377,POLAND,Sweden
1-734811981,Sweden,POLAND
1-734811981,POLAND,Brazil
1-734812011,Sweden,POLAND
1-734812081,Sweden,POLAND
1-734812081,POLAND,INDIA
1-734812111,Sweden,POLAND
1-734812111,POLAND,Czech Republic
1-734812121,POLAND,INDIA
1-734812131,Sweden,POLAND
1-734812131,POLAND,INDIA
1-734812231,Sweden,POLAND
1-734812351,USA,POLAND
1-734812351,POLAND,Brazil
1-734812361,France,POLAND
1-734812361,POLAND,Sweden
1-734812391,Sweden,POLAND
1-734812391,POLAND,INDIA
1-734812441,Sweden,POLAND
1-734812441,POLAND,INDIA
1-734812451,Sweden,POLAND
1-734812451,POLAND,INDIA
1-734812471,Sweden,POLAND
1-734812591,Sweden,Brazil
1-734812591,Brazil,POLAND
1-734812621,USA,Brazil
1-734812621,Brazil,Korea
1-734812621,Korea,Sweden
1-734812751,Brazil,POLAND
1-734812831,USA,Brazil
1-734812881,China,Sweden
1-734812881,Sweden,Korea
1-734812891,RUSSIAN FEDERATION,Sweden
1-734812891,Sweden,Brazil
1-734812891,Brazil,POLAND
1-734815385,POLAND,RUSSIAN FEDERATION
1-734842204,Czech Republic,POLAND
1-734842588,INDIA,Sweden
1-734842588,Sweden,POLAND
1-734846994,POLAND,Sweden
1-734847634,POLAND,Brazil
1-734847663,POLAND,Sweden
1-734847833,POLAND,Sweden
1-734848931,Sweden,Brazil
1-734849461,Korea,POLAND
1-734849621,Sweden,INDIA
1-734849721,Sweden,POLAND
1-734849791,Sweden,INDIA
1-734863171,Belgium,POLAND
1-734867951,Belgium,INDIA
1-734867951,INDIA,POLAND
1-734867951,POLAND,Brazil
1-734867990,Belgium,INDIA
1-734867990,INDIA,POLAND
1-734870379,POLAND,INDIA
1-734870379,INDIA,Sweden
1-734879331,INDIA,Sweden
1-734879331,Sweden,POLAND
1-734879581,POLAND,Sweden
1-734894086,POLAND,Sweden
1-734894572,INDIA,MALAYSIA
1-734902909,Sweden,POLAND
1-734903261,Belgium,INDIA
1-734903261,INDIA,POLAND
1-734904368,Belgium,Sweden
1-734904368,Sweden,United Kingdom
1-734910992,Belgium,France
1-734911386,Belgium,Brazil
1-734911719,INDIA,Sweden
1-734915939,POLAND,Sweden
1-734916461,Sweden,INDIA
1-734916681,Brazil,Sweden
1-734916886,Brazil,Sweden
1-734916886,Sweden,POLAND
1-734926010,POLAND,Sweden
1-734926010,Sweden,INDIA
1-734930461,Sweden,Belgium
1-734941798,Brazil,INDIA
1-734954390,POLAND,INDIA
1-734954390,INDIA,Sweden
1-734955311,Belgium,POLAND
1-734968198,INDIA,USA
1-734969777,Brazil,Sweden
1-734969777,Sweden,POLAND
1-734969939,France,INDIA
1-734969939,INDIA,Sweden
1-734973156,POLAND,USA
1-734973304,Brazil,Sweden
1-734973304,Sweden,Czech Republic
1-734979224,POLAND,Brazil
1-734979224,Brazil,INDIA
1-734985477,POLAND,Sweden
1-734994401,Sweden,POLAND
1-734995151,Brazil,INDIA
1-734995151,INDIA,Sweden
1-734995151,Sweden,POLAND
1-735000225,France,USA
1-735000225,USA,Sweden
1-735006276,POLAND,Sweden
1-735013174,Brazil,USA
1-735013701,France,Sweden
1-735013701,Sweden,INDIA
1-735013888,France,Sweden
1-735015156,Brazil,Sweden
1-735015156,Sweden,POLAND
1-735015899,POLAND,INDIA
1-735025653,POLAND,Sweden
1-735029711,Sweden,POLAND
1-735029972,Belgium,Netherlands
1-735037637,POLAND,France
1-735037637,France,Sweden
1-735037874,Brazil,INDIA
1-735037874,INDIA,Sweden
1-735037874,Sweden,POLAND
1-735039301,POLAND,Sweden
1-735058984,POLAND,France
1-735066131,Belgium,Netherlands
1-735069481,France,Sweden
1-735071172,Canada,France
1-735071961,POLAND,Sweden
1-735071961,Sweden,INDIA
1-735072598,POLAND,Sweden
1-735077126,POLAND,Sweden
1-735077961,USA,Korea
1-735077961,Korea,POLAND
1-735078091,France,INDIA
1-735078291,USA,Sweden
1-735078481,Sweden,POLAND
1-735078531,Sweden,POLAND
1-735078551,France,Sweden
1-735078581,POLAND,Sweden
1-735078641,United Kingdom,USA
1-735078711,USA,Korea
1-735078711,Korea,POLAND
1-735083647,Sweden,POLAND
1-735083647,POLAND,Czech Republic
1-735086920,Brazil,Sweden
1-735087406,INDIA,Sweden
1-735087406,Sweden,POLAND
1-735089696,POLAND,France
1-735093723,Belgium,Brazil
1-735093723,Brazil,Spain
1-735093723,Spain,POLAND
1-735101862,USA,Sweden
1-735104663,Brazil,Sweden
1-735104855,Brazil,INDIA
1-735117242,POLAND,Sweden
1-735117242,Sweden,France
1-735117256,POLAND,INDIA
1-735117603,Sweden,Brazil
1-735117603,Brazil,POLAND
1-735123821,Brazil,Sweden
1-735123821,Sweden,POLAND
1-735133407,USA,Sweden
1-735145461,Brazil,Sweden
1-735164265,POLAND,France
1-735168001,Brazil,POLAND
1-735168001,POLAND,Sweden
1-735168161,USA,Sweden
1-735168161,Sweden,Brazil
1-735168161,Brazil,China
1-735168231,Sweden,POLAND
1-735168231,POLAND,INDIA
1-735168341,Sweden,POLAND
1-735168351,France,POLAND
1-735168371,Sweden,INDIA
1-735168371,INDIA,POLAND
1-735168571,Singapore,POLAND
1-735168591,United Kingdom,POLAND
1-735168591,POLAND,Sweden
1-735168641,USA,POLAND
1-735168641,POLAND,Brazil
1-735168701,Sweden,POLAND
1-735168771,USA,POLAND
1-735168771,POLAND,Sweden
1-735168831,USA,Brazil
1-735168831,Brazil,Sweden
1-735170801,USA,INDIA
1-735171573,Brazil,France
1-735171573,France,POLAND
1-735173406,USA,INDIA
1-735176830,Brazil,INDIA
1-735180913,Brazil,Sweden
1-735180913,Sweden,POLAND
1-735180983,Brazil,INDIA
1-735182303,Sweden,France
1-735184231,France,INDIA
1-735188058,Brazil,Sweden
1-735189320,Brazil,USA
1-735189320,USA,Sweden
1-735189521,Brazil,POLAND
1-735189521,POLAND,Sweden
1-735194105,INDIA,POLAND
1-735224038,Brazil,Sweden
1-735231781,Belgium,INDIA
1-735262281,Sweden,INDIA
1-735262468,POLAND,RUSSIAN FEDERATION
1-735262744,POLAND,Sweden
1-735266029,Sweden,France
1-735267733,Sweden,POLAND
1-735315389,POLAND,Belgium
1-735315426,POLAND,Belgium
1-735877791,Belgium,Sweden
1-735877791,Sweden,INDIA
1-735877837,Sweden,Brazil
1-735894967,INDIA,Belgium
1-735895054,INDIA,Belgium
1-735896953,Sweden,POLAND
1-735897883,Korea,Sweden
1-735909135,Sweden,POLAND
1-735916798,Sweden,POLAND
1-735917961,China,Japan
1-735917961,Japan,MALAYSIA
1-735918111,France,POLAND
1-735918111,POLAND,Sweden
1-735918121,Sweden,POLAND
1-735918241,Sweden,POLAND
1-735918251,Sweden,POLAND
1-735918271,Sweden,POLAND
1-735918271,POLAND,USA
1-735918311,Sweden,POLAND
1-735918512,Sweden,POLAND
1-735918621,France,POLAND
1-735918631,United Kingdom,Brazil
1-735918631,Brazil,POLAND
1-735918741,USA,Brazil
1-735918741,Brazil,Sweden
1-735918771,USA,Brazil
1-735918771,Brazil,China
1-735918771,China,POLAND
1-735918842,United Kingdom,POLAND
1-735918842,POLAND,INDIA
1-735918842,INDIA,Belgium
1-735931831,INDIA,POLAND
1-736285839,Sweden,POLAND
1-736285839,POLAND,INDIA
1-736289931,INDIA,Sweden
1-736290060,INDIA,Belgium
1-736308281,China,INDIA
1-736319032,Australia,Sweden
1-736319671,POLAND,INDIA
1-736319805,POLAND,Brazil
1-736319805,Brazil,INDIA
1-736320198,Sweden,Brazil
1-736346269,POLAND,Sweden
1-736346269,Sweden,INDIA
1-736346321,POLAND,INDIA
1-736346321,INDIA,Sweden
1-736346711,POLAND,INDIA
1-736346711,INDIA,France
1-736346711,France,Belgium
1-736346791,POLAND,Sweden
1-736349585,POLAND,INDIA
1-736349598,POLAND,France
1-736349598,France,INDIA
1-736369244,INDIA,Sweden
1-736374601,POLAND,Sweden
1-736379048,Sweden,INDIA
1-736381993,INDIA,Sweden
1-736391598,INDIA,Sweden
1-736396055,POLAND,RUSSIAN FEDERATION
1-736396122,INDIA,Sweden
1-736403381,INDIA,POLAND
1-736403573,POLAND,Sweden
1-736403645,POLAND,France
1-736412923,POLAND,Sweden
1-736413598,Belgium,Sweden
1-736413602,POLAND,INDIA
1-736433217,Sweden,INDIA
1-736433375,Sweden,INDIA
1-736433692,POLAND,Sweden
1-736440431,Belgium,INDIA
1-736440431,INDIA,POLAND
1-736440431,POLAND,Brazil
1-736440526,Belgium,INDIA
1-736440526,INDIA,United Kingdom
1-736440596,Belgium,INDIA
1-736440596,INDIA,POLAND
1-736440596,POLAND,Brazil
1-736444712,POLAND,INDIA
1-736445070,INDIA,Belgium
1-736445691,POLAND,RUSSIAN FEDERATION
1-736453547,INDIA,POLAND
1-736460590,POLAND,Brazil
1-736464674,POLAND,INDIA
1-736465953,POLAND,France
1-736468118,POLAND,Sweden
1-736468784,POLAND,INDIA
1-736468784,INDIA,Sweden
1-736478979,POLAND,Sweden
1-736478998,INDIA,Sweden
1-736484525,POLAND,Sweden
1-736488545,POLAND,France
1-736488545,France,Belgium
1-736488559,INDIA,Brazil
1-736491238,POLAND,Brazil
1-736499051,POLAND,USA
1-736499051,USA,Korea
1-736499071,Korea,POLAND
1-736499091,Sweden,INDIA
1-736499191,Sweden,INDIA
1-736499271,Belgium,POLAND
1-736499271,POLAND,INDIA
1-736499291,Belgium,POLAND
1-736499291,POLAND,INDIA
1-736499661,Sweden,INDIA
1-736499691,Sweden,POLAND
1-736500136,POLAND,Sweden
1-736500455,POLAND,Sweden
1-736500455,Sweden,INDIA
1-736502399,Sweden,Brazil
1-736502399,Brazil,Denmark
1-736502789,Sweden,INDIA
1-736502789,INDIA,United Kingdom
1-736502789,United Kingdom,Brazil
1-736503159,POLAND,France
1-736503218,INDIA,POLAND
1-736506257,POLAND,RUSSIAN FEDERATION
1-736506261,INDIA,Sweden
1-736506261,Sweden,POLAND
1-736506261,POLAND,Belgium
1-736517752,POLAND,INDIA
1-736525391,Belgium,Sweden
1-736525440,Belgium,Sweden
1-736528890,POLAND,Sweden
1-736534836,POLAND,INDIA
1-736534836,INDIA,Sweden
1-736536174,POLAND,United Kingdom
1-736536834,POLAND,Brazil
1-736536834,Brazil,Sweden
1-736536834,Sweden,INDIA
1-736541192,Sweden,POLAND
1-736541294,Sweden,INDIA
1-736541294,INDIA,Brazil
1-736541294,Brazil,United Kingdom
1-736541381,Sweden,INDIA
1-736541581,Brazil,INDIA
1-736541581,INDIA,Sweden
1-736547357,Belgium,Sweden
1-736547971,Brazil,INDIA
1-736548243,Brazil,USA
1-736552272,Belgium,Brazil
1-736560336,POLAND,INDIA
1-736560635,POLAND,INDIA
1-736561525,POLAND,USA
1-736561851,USA,INDIA
1-736561885,INDIA,POLAND
1-736562142,POLAND,INDIA
1-736567223,POLAND,INDIA
1-736567811,Brazil,INDIA
1-736567811,INDIA,Sweden
1-736570196,POLAND,USA
1-736577384,Belgium,France
1-736590341,POLAND,China
1-736595139,Sweden,POLAND
1-736595139,POLAND,Czech Republic
1-736595605,Belgium,Brazil
1-736595605,Brazil,POLAND
1-736595605,POLAND,INDIA
1-736598875,POLAND,Sweden
1-736598875,Sweden,INDIA
1-736602185,Sweden,Brazil
1-736602248,Sweden,Brazil
1-736602248,Brazil,POLAND
1-736602248,POLAND,INDIA
1-736602448,Sweden,Brazil
1-736602448,Brazil,INDIA
1-736602448,INDIA,POLAND
1-736610908,Brazil,Sweden
1-736610908,Sweden,POLAND
1-736611005,Brazil,INDIA
1-736611139,Brazil,USA
1-736611829,Brazil,INDIA
1-736621296,POLAND,USA
1-736628091,POLAND,INDIA
1-736628141,Sweden,Brazil
1-736628141,Brazil,POLAND
1-736628871,USA,Sweden
1-736629596,USA,Sweden
1-736629596,Sweden,Brazil
1-736640460,Brazil,Sweden
1-736641250,Brazil,USA
1-736646274,USA,Sweden
1-736649178,USA,INDIA
1-736651898,Belgium,INDIA
1-736651898,INDIA,China
1-736658611,Sweden,INDIA
1-736665050,Belgium,France
1-736667581,Brazil,USA
1-736669131,USA,Sweden
1-736669131,Sweden,INDIA
1-736669150,USA,Sweden
1-736673112,USA,China
1-736673281,Brazil,France
1-736673356,Brazil,USA
1-736673532,Brazil,Sweden
1-736673911,USA,Brazil
1-736674091,Sweden,POLAND
1-736674091,POLAND,Brazil
1-736674151,USA,POLAND
1-736674151,POLAND,Sweden
1-736674162,USA,Brazil
1-736674181,USA,Brazil
1-736674221,USA,Brazil
1-736674221,Brazil,POLAND
1-736674321,China,INDIA
1-736674371,INDIA,POLAND
1-736674371,POLAND,Sweden
1-736674381,Sweden,POLAND
1-736674381,POLAND,INDIA
1-736674421,Sweden,POLAND
1-736674491,Sweden,POLAND
1-736674491,POLAND,INDIA
1-736674501,Sweden,POLAND
1-736674511,Sweden,POLAND
1-736674516,Sweden,POLAND
1-736674591,Sweden,POLAND
1-736674591,POLAND,INDIA
1-736674641,Sweden,POLAND
1-736674661,Sweden,POLAND
1-736674681,Sweden,POLAND
1-736674731,Sweden,POLAND
1-736674731,POLAND,Belgium
1-736674741,Sweden,INDIA
1-736674751,Belgium,POLAND
1-736674761,Sweden,POLAND
1-736674791,Sweden,POLAND
1-736674791,POLAND,INDIA
1-736674811,Sweden,POLAND
1-736674841,Sweden,POLAND
1-736674861,Sweden,POLAND
1-736674861,POLAND,INDIA
1-736676085,Brazil,INDIA
1-736676173,INDIA,Sweden
1-736676599,Brazil,USA
1-736681336,Brazil,Sweden
1-736685369,Brazil,Sweden
1-736685723,Belgium,POLAND
1-736688124,USA,Sweden
1-736688124,Sweden,POLAND
1-736688222,USA,Sweden
1-736688851,Japan,POLAND
1-736688851,POLAND,Sweden
1-736690181,USA,Sweden
1-736690605,USA,INDIA
1-736701427,Brazil,POLAND
1-736709298,INDIA,Sweden
1-736709298,Sweden,POLAND
1-736709433,INDIA,Sweden
1-736709433,Sweden,POLAND
1-736717412,Brazil,INDIA
1-736717829,Sweden,Brazil
1-736719999,Brazil,Chile
1-736720019,Brazil,Sweden
1-736720411,Sweden,Brazil
1-736720429,Sweden,Brazil
1-736720459,Sweden,Brazil
1-736720489,Sweden,Brazil
1-736720519,Sweden,Brazil
1-736720549,Sweden,Brazil
1-736720567,Sweden,Brazil
1-736720598,Sweden,Brazil
1-736720628,Sweden,Brazil
1-736720658,Sweden,Brazil
1-736720688,Sweden,Brazil
1-736720688,Brazil,INDIA
1-736720688,INDIA,POLAND
1-736720718,Sweden,Brazil
1-736725878,INDIA,Belgium
1-736726861,USA,Sweden
1-736726861,Sweden,INDIA
1-736727562,INDIA,POLAND
1-736727574,INDIA,POLAND
1-736772621,USA,Sweden
1-736773836,INDIA,POLAND
1-736773847,Sweden,USA
1-737307651,POLAND,INDIA
1-737307651,INDIA,Korea
1-737307671,Sweden,INDIA
1-737309490,Sweden,INDIA
1-737310431,INDIA,POLAND
1-737313112,POLAND,INDIA
1-737313492,POLAND,INDIA
1-737313674,POLAND,INDIA
1-737313765,POLAND,Sweden
1-737321146,Belgium,INDIA
1-737321146,INDIA,Brazil
1-737321297,Belgium,Brazil
1-737322461,Sweden,Belgium
1-737322740,Sweden,INDIA
1-737328585,INDIA,United Kingdom
1-737328743,INDIA,USA
1-737329817,Sweden,Belgium
1-737332116,Belgium,INDIA
1-737332116,INDIA,Brazil
1-737332275,Belgium,Brazil
1-737332275,Brazil,Sweden
1-737332275,Sweden,POLAND
1-737332540,Belgium,Netherlands
1-737333278,POLAND,USA
1-737334634,POLAND,INDIA
1-737336261,POLAND,INDIA
1-737343431,Brazil,USA
1-737343470,Brazil,Sweden
1-737343470,Sweden,Belgium
1-737343470,Belgium,USA
1-737344545,USA,Sweden
1-737344589,USA,Sweden
1-737346058,INDIA,POLAND
1-737349543,POLAND,Sweden
1-737349543,Sweden,INDIA
1-737350653,Brazil,USA
1-737352031,Brazil,INDIA
1-737354015,POLAND,Sweden
1-737354174,POLAND,Brazil
1-737355932,POLAND,Sweden
1-737355932,Sweden,INDIA
1-737358628,Canada,Sweden
1-737362805,INDIA,POLAND
1-737369081,INDIA,Belgium
1-737369943,INDIA,Brazil
1-737372051,POLAND,Sweden
1-737372793,Brazil,Australia
1-737373550,Sweden,USA
1-737373821,Sweden,Belgium
1-737375232,Brazil,POLAND
1-737375310,Brazil,Sweden
1-737375310,Sweden,INDIA
1-737375500,Brazil,INDIA
1-737375500,INDIA,USA
1-737378014,Belgium,Brazil
1-737378014,Brazil,POLAND
1-737378014,POLAND,INDIA
1-737378718,Belgium,INDIA
1-737378794,Brazil,POLAND
1-737378939,POLAND,Sweden
1-737379308,USA,INDIA
1-737379308,INDIA,Sweden
1-737379631,USA,POLAND
1-737379713,China,POLAND
1-737379931,Brazil,Sweden
1-737379981,USA,Brazil
1-737380041,Sweden,INDIA
1-737380081,Sweden,POLAND
1-737380122,Sweden,POLAND
1-737380131,Sweden,POLAND
1-737380151,Sweden,POLAND
1-737380171,POLAND,Sweden
1-737380211,Sweden,POLAND
1-737380231,France,POLAND
1-737380241,Sweden,POLAND
1-737380261,Belgium,POLAND
1-737380261,POLAND,Sweden
1-737380311,Sweden,POLAND
1-737380421,Sweden,POLAND
1-737380481,Belgium,POLAND
1-737380491,Sweden,POLAND
1-737380531,Sweden,POLAND
1-737380531,POLAND,INDIA
1-737380551,Sweden,POLAND
1-737380551,POLAND,INDIA
1-737380561,Sweden,POLAND
1-737380591,Sweden,POLAND
1-737380741,Sweden,POLAND
1-737380791,Sweden,POLAND
1-737380876,Sweden,POLAND
1-737384312,USA,INDIA
1-737384312,INDIA,Brazil
1-737385451,Brazil,Sweden
1-737385691,China,Korea
1-737385815,Korea,POLAND
1-737390124,Brazil,USA
1-737392571,China,Korea
1-737392604,China,Korea
1-737392861,Belgium,INDIA
1-737392861,INDIA,Sweden
1-737392878,Belgium,INDIA
1-737393399,Brazil,Sweden
1-737394729,Sweden,France
1-737406827,POLAND,France
1-737411861,INDIA,Belgium
1-737414629,POLAND,INDIA
1-737422808,INDIA,POLAND
1-737425713,INDIA,Sweden
1-737425713,Sweden,POLAND
1-737460186,INDIA,MALAYSIA
1-737460240,INDIA,Sweden
1-737460240,Sweden,Brazil
1-737460260,INDIA,Belgium
1-737460373,INDIA,Sweden
1-737461887,Belgium,POLAND
1-737464121,Sweden,INDIA
1-738145941,INDIA,Sweden
1-738146155,INDIA,USA
1-738146201,China,Korea
1-738146219,China,Korea
1-738146249,China,Korea
1-738146321,China,Korea
1-738146352,China,Korea
1-738146430,China,Korea
1-738146539,China,Korea
1-738146571,China,Korea
1-738146601,China,Korea
1-738146751,Belgium,INDIA
1-738146751,INDIA,Spain
1-738146751,Spain,Germany
1-738146770,Belgium,INDIA
1-738146770,INDIA,POLAND
1-738146911,INDIA,MALAYSIA
1-738147414,INDIA,Sweden
1-738147414,Sweden,Belgium
1-738149109,POLAND,RUSSIAN FEDERATION
1-738149111,Belgium,POLAND
1-738149111,POLAND,Brazil
1-738150611,Sweden,Belgium
1-738151913,INDIA,Sweden
1-738153815,INDIA,Sweden
1-738154971,Brazil,INDIA
1-738154981,Sweden,INDIA
1-738155134,Brazil,Sweden
1-738155674,Brazil,China
1-738156121,POLAND,INDIA
1-738156752,POLAND,INDIA
1-738156752,INDIA,Sweden
1-738156956,INDIA,Sweden
1-738157101,POLAND,France
1-738157446,Sweden,POLAND
1-738157925,POLAND,RUSSIAN FEDERATION
1-738157938,Sweden,Belgium
1-738161973,INDIA,Sweden
1-738162101,INDIA,POLAND
1-738162699,INDIA,Sweden
1-738163385,Belgium,Sweden
1-738165181,Singapore,INDIA
1-738165181,INDIA,Sweden
1-738167938,Sweden,INDIA
1-738177292,Belgium,France
1-738177789,Belgium,France
1-738188612,France,Sweden
1-738188635,INDIA,POLAND
1-738189060,POLAND,Sweden
1-738189512,POLAND,RUSSIAN FEDERATION
1-738189611,POLAND,INDIA
1-738189961,Sweden,INDIA
1-738190091,Belgium,POLAND
1-738190091,POLAND,USA
1-738190261,Sweden,Brazil
1-738190361,Belgium,POLAND
1-738190381,Belgium,POLAND
1-738190531,France,Brazil
1-738190601,Belgium,Korea
1-738190621,Sweden,INDIA
1-738190721,INDIA,POLAND
1-738190721,POLAND,Sweden
1-738193198,China,Korea
1-738197394,Sweden,USA
1-738197405,Sweden,Belgium
1-738203288,INDIA,China
1-738203288,China,Sweden
1-738203329,POLAND,Sweden
1-738203480,INDIA,Sweden
1-738212849,Brazil,China
1-738218272,Belgium,POLAND
1-738218731,Sweden,INDIA
1-738220295,POLAND,Sweden
1-738220592,POLAND,Sweden
1-738221024,INDIA,Sweden
1-738229405,INDIA,POLAND
1-738229421,INDIA,China
1-738229421,China,Sweden
1-738229673,POLAND,Sweden
1-738232764,INDIA,Sweden
1-738233841,China,INDIA
1-738233841,INDIA,Sweden
1-738235971,POLAND,Sweden
1-738235971,Sweden,Czech Republic
1-738238217,POLAND,France
1-738241883,POLAND,Sweden
1-738241899,China,INDIA
1-738242392,POLAND,INDIA
1-738242503,POLAND,France
1-738242595,POLAND,Sweden
1-738242639,POLAND,Sweden
1-738247231,THAILAND,INDIA
1-738270463,POLAND,Sweden
1-738271042,POLAND,Sweden
1-738271151,POLAND,Sweden
1-738271571,POLAND,Brazil
1-738271571,Brazil,Sweden
1-738271571,Sweden,INDIA
1-738273309,POLAND,Sweden
1-738273514,Sweden,INDIA
1-738273642,POLAND,Australia
1-738274210,POLAND,France
1-738274604,POLAND,INDIA
1-738276201,POLAND,INDIA
1-738277334,Belgium,INDIA
1-738277334,INDIA,POLAND
1-738277423,Belgium,POLAND
1-738280961,Sweden,Brazil
1-738280993,France,INDIA
1-738280993,INDIA,Sweden
1-738281011,INDIA,Sweden
1-738281209,POLAND,INDIA
1-738281628,POLAND,Sweden
1-738286674,POLAND,Sweden
1-738289102,POLAND,Sweden
1-738289120,POLAND,France
1-738289124,POLAND,Sweden
1-738297276,Sweden,POLAND
1-738304751,Belgium,Sweden
1-738314138,Belgium,INDIA
1-738314138,INDIA,POLAND
1-738314403,Belgium,INDIA
1-738314403,INDIA,POLAND
1-738314403,POLAND,Brazil
1-738314450,Belgium,INDIA
1-738314450,INDIA,POLAND
1-738314450,POLAND,Brazil
1-738314480,Belgium,INDIA
1-738314480,INDIA,POLAND
1-738314828,Belgium,INDIA
1-738314828,INDIA,POLAND
1-738314828,POLAND,Brazil
1-738314828,Brazil,Sweden
1-738316993,Sweden,Belgium
1-738317005,Sweden,Belgium
1-738317017,Sweden,Belgium
1-738317029,INDIA,Sweden
1-738317040,Sweden,Belgium
1-738317052,Sweden,Belgium
1-738318237,POLAND,Sweden
1-738318366,INDIA,Sweden
1-738318421,POLAND,Sweden
1-738318453,POLAND,France
1-738318481,POLAND,INDIA
1-738318624,POLAND,Sweden
1-738318624,Sweden,INDIA
1-738327923,Sweden,INDIA
1-738328020,Belgium,INDIA
1-738328020,INDIA,China
1-738328020,China,Sweden
1-738331277,POLAND,INDIA
1-738331385,Sweden,Czech Republic
1-738331898,POLAND,Sweden
1-738339971,POLAND,Belgium
1-738340259,POLAND,Sweden
1-738340812,POLAND,INDIA
1-738340812,INDIA,China
1-738340812,China,Brazil
1-738343331,United Kingdom,Sweden
1-738343461,United Kingdom,Sweden
1-738347793,POLAND,France
1-738353084,POLAND,INDIA
1-738353947,POLAND,Belgium
1-738354315,POLAND,France
1-738354315,France,Sweden
1-738354431,POLAND,Belgium
1-738354877,POLAND,Sweden
1-738366911,Sweden,POLAND
1-738366911,POLAND,INDIA
1-738366921,Sweden,POLAND
1-738366951,Sweden,POLAND
1-738366991,INDIA,POLAND
1-738366991,POLAND,Sweden
1-738367001,POLAND,Sweden
1-738367041,Sweden,POLAND
1-738367052,South Africa,POLAND
1-738367052,POLAND,INDIA
1-738367061,Sweden,POLAND
1-738367111,Sweden,POLAND
1-738367116,Sweden,POLAND
1-738367121,Sweden,POLAND
1-738367221,Sweden,POLAND
1-738367261,Sweden,POLAND
1-738367281,Sweden,POLAND
1-738367331,Sweden,POLAND
1-738367341,USA,POLAND
1-738367351,Sweden,POLAND
1-738367361,RUSSIAN FEDERATION,POLAND
1-738367411,Sweden,POLAND
1-738367441,Sweden,POLAND
1-738367451,France,POLAND
1-738367501,USA,POLAND
1-738367611,Sweden,Brazil
1-738367681,Sweden,Brazil
1-738367701,USA,Brazil
1-738367831,Belgium,POLAND
1-738372919,Belgium,Sweden
1-738374940,POLAND,INDIA
1-738375446,INDIA,POLAND
1-738375446,POLAND,Sweden
1-738378686,POLAND,Sweden
1-738384552,Belgium,Sweden
1-738384552,Sweden,POLAND
1-738385539,Sweden,Denmark
1-738387566,Belgium,Brazil
1-738387566,Brazil,POLAND
1-738387566,POLAND,INDIA
1-738387927,Belgium,France
1-738388171,Sweden,Belgium
1-738388361,Sweden,China
1-738388399,Belgium,Sweden
1-738388904,INDIA,Sweden
1-738389218,INDIA,Sweden
1-738400208,INDIA,Sweden
1-738400398,POLAND,Sweden
1-738400723,Belgium,Sweden
1-738408165,Sweden,POLAND
1-738408332,POLAND,INDIA
1-738408332,INDIA,Belgium
1-738415716,Sweden,INDIA
1-738419176,Belgium,France
1-738428797,Sweden,INDIA
1-738431011,Belgium,POLAND
1-738433503,Belgium,Brazil
1-738433503,Brazil,POLAND
1-738433503,POLAND,Sweden
1-738436239,INDIA,Sweden
1-738436301,POLAND,Sweden
1-738436463,POLAND,INDIA
1-738436463,INDIA,Sweden
1-738436494,Belgium,POLAND
1-738436894,POLAND,Sweden
1-738439436,Sweden,Belgium
1-738444996,POLAND,France
1-738448836,Sweden,INDIA
1-738448875,Sweden,INDIA
1-738454955,POLAND,INDIA
1-738457041,USA,Sweden
1-738457431,Brazil,Sweden
1-738458013,Belgium,Brazil
1-738458013,Brazil,POLAND
1-738458013,POLAND,INDIA
1-738458013,INDIA,United Kingdom
1-738464905,Belgium,POLAND
1-738464905,POLAND,Sweden
1-738465511,USA,INDIA
1-738465511,INDIA,Sweden
1-738465732,France,Sweden
1-738468664,POLAND,Brazil
1-738473169,INDIA,Sweden
1-738473411,POLAND,France
1-738477325,POLAND,Sweden
1-738479350,POLAND,Sweden
1-738481991,Brazil,Belgium
1-738482493,Brazil,INDIA
1-738482729,USA,INDIA
1-738491081,POLAND,Brazil
1-738491229,Sweden,Czech Republic
1-738491844,Brazil,POLAND
1-738495608,POLAND,USA
1-738495771,POLAND,USA
1-738496584,POLAND,USA
1-738496977,Brazil,INDIA
1-738499184,Belgium,POLAND
1-738499184,POLAND,Sweden
1-738501642,Sweden,POLAND
1-738503291,Sweden,POLAND
1-738503382,POLAND,Sweden
1-738503397,Sweden,INDIA
1-738509914,Brazil,Sweden
1-738515627,POLAND,INDIA
1-738517178,POLAND,USA
1-738517465,POLAND,France
1-738520011,Sweden,INDIA
1-738520406,POLAND,INDIA
1-738520406,INDIA,Sweden
1-738526946,POLAND,Sweden
1-738527216,POLAND,France
1-738527447,POLAND,Sweden
1-738527817,INDIA,POLAND
1-738528364,Sweden,Belgium
1-738530454,POLAND,Sweden
1-738530625,POLAND,Sweden
1-738532339,POLAND,Sweden
1-738537776,Brazil,POLAND
1-738537776,POLAND,Sweden
1-738538552,Brazil,POLAND
1-738538552,POLAND,Sweden
1-738538732,INDIA,POLAND
1-738539178,Czech Republic,POLAND
1-738539178,POLAND,Brazil
1-738539569,Czech Republic,POLAND
1-738539569,POLAND,Brazil
1-738543543,INDIA,Sweden
1-738543543,Sweden,Brazil
1-738543543,Brazil,POLAND
1-738550941,France,Sweden
1-738550941,Sweden,INDIA
1-738550991,Brazil,POLAND
1-738551061,Romania,POLAND
1-738551101,Brazil,Sweden
1-738551361,USA,Brazil
1-738551471,Sweden,POLAND
1-738551471,POLAND,USA
1-738551481,Sweden,POLAND
1-738551511,Sweden,POLAND
1-738551541,Sweden,POLAND
1-738551591,INDIA,POLAND
1-738551591,POLAND,Sweden
1-738551651,France,POLAND
1-738551671,Sweden,POLAND
1-738551731,Sweden,POLAND
1-738551731,POLAND,France
1-738551761,Sweden,POLAND
1-738551821,Sweden,POLAND
1-738551826,Sweden,POLAND
1-738554303,POLAND,Sweden
1-738565786,Belgium,Netherlands
1-738568376,POLAND,Czech Republic
1-738568465,POLAND,INDIA
1-738568465,INDIA,Belgium
1-738570563,USA,Sweden
1-738575365,POLAND,INDIA
1-738576920,Brazil,USA
1-738576928,Brazil,USA
1-738577621,Belgium,Brazil
1-738577621,Brazil,POLAND
1-738577621,POLAND,INDIA
1-738577621,INDIA,Sweden
1-738582911,Sweden,POLAND
1-738583226,POLAND,Belgium
1-738587921,France,INDIA
1-738590753,Belgium,France
1-738594204,Sweden,POLAND
1-738594204,POLAND,Czech Republic
1-738601809,POLAND,France
1-738603537,Sweden,INDIA
1-738603694,USA,Sweden
1-738624240,Belgium,Brazil
1-738628042,POLAND,INDIA
1-738631077,POLAND,Sweden
1-738650106,Brazil,POLAND
1-738650106,POLAND,Sweden
1-738650216,Brazil,Sweden
1-738650216,Sweden,POLAND
1-738650793,USA,Sweden
1-738650793,Sweden,INDIA
1-738651887,Brazil,INDIA
1-738656421,United Kingdom,INDIA
1-738657943,Sweden,USA
1-738660907,Brazil,Argentina
1-738660907,Argentina,POLAND
1-738662868,Brazil,USA
1-738663491,POLAND,INDIA
1-738681010,Sweden,INDIA
1-738681771,Brazil,USA
1-738686485,USA,Canada
1-738689431,USA,Sweden
1-738690961,Brazil,INDIA
1-738691218,Brazil,POLAND
1-738691218,POLAND,Czech Republic
1-738698915,POLAND,France
1-738707985,Belgium,France
1-738708113,Belgium,Sweden
1-738716114,Belgium,France
1-738716505,Brazil,Chile
1-738720324,INDIA,POLAND
1-738722955,Belgium,Brazil
1-738722955,Brazil,POLAND
1-738722955,POLAND,INDIA
1-738723039,Belgium,Brazil
1-738723039,Brazil,China
1-738723039,China,Sweden
1-738723039,Sweden,INDIA
1-738723146,Sweden,Belgium
1-738723315,Brazil,INDIA
1-738723315,INDIA,Belgium
1-738723725,Chile,Brazil
1-738723725,Brazil,INDIA
1-738746261,USA,Sweden
1-738746261,Sweden,INDIA
1-738762222,Brazil,USA
1-738762640,Brazil,USA
1-738762719,Brazil,Sweden
1-738762719,Sweden,POLAND
1-738762719,POLAND,USA
1-738762851,Sweden,Korea
1-738764410,Sweden,France
1-738764771,Sweden,France
1-738765606,Brazil,Sweden
1-738767821,INDIA,Sweden
1-738767821,Sweden,USA
1-738776205,Canada,INDIA
1-738778208,Brazil,INDIA
1-738778208,INDIA,USA
1-738778294,USA,China
1-738779582,Brazil,United Kingdom
1-738781723,Brazil,Sweden
1-738794823,Sweden,France
1-738800583,Sweden,Korea
1-738800627,Sweden,Korea
1-738803735,Brazil,INDIA
1-738803735,INDIA,Australia
1-738805966,Brazil,INDIA
1-738808026,Brazil,Sweden
1-738809757,INDIA,Sweden
1-738817691,Sweden,Korea
1-738817708,Sweden,INDIA
1-738817711,Sweden,INDIA
1-738819511,Brazil,INDIA
1-738820251,Korea,INDIA
1-738820394,THAILAND,China
1-738820427,INDIA,Sweden
1-738820427,Sweden,POLAND
1-738820481,THAILAND,Sweden
1-738821433,INDIA,Australia
1-738821480,INDIA,MALAYSIA
1-738821573,INDIA,Sweden
1-738821573,Sweden,Korea
1-738821862,INDIA,Sweden
1-738827666,China,INDIA
1-738827666,INDIA,Sweden
1-738845143,Sweden,France
1-738847050,Sweden,Belgium
1-738848305,INDIA,Sweden
1-738848553,Australia,INDIA
1-738894680,China,Korea
1-738894699,China,Korea
1-738895230,INDIA,POLAND
1-738896811,Belgium,Sweden
1-738897198,China,Korea
1-738897221,Sweden,INDIA
1-738897343,Belgium,POLAND
1-739163452,THAILAND,China
1-739163726,Sweden,INDIA
1-739163726,INDIA,Belgium
1-739163726,Belgium,POLAND
1-739176875,INDIA,Sweden
1-739177383,INDIA,Sweden
1-739177608,INDIA,Sweden
1-739177647,Sweden,Brazil
1-739181320,POLAND,France
1-739181702,Belgium,INDIA
1-739181702,INDIA,Germany
1-739181702,Germany,Brazil
1-739181702,Brazil,POLAND
1-739183363,Sweden,China
1-739183657,Sweden,INDIA
1-739183699,Belgium,France
1-739186694,Sweden,POLAND
1-739188082,INDIA,Sweden
1-739188372,POLAND,RUSSIAN FEDERATION
1-739188641,Belgium,Brazil
1-739195932,POLAND,Sweden
1-739196881,Sweden,POLAND
1-739196972,INDIA,Sweden
1-739197153,POLAND,INDIA
1-739197171,POLAND,INDIA
1-739197171,INDIA,France
1-739197411,Sweden,POLAND
1-739197411,POLAND,INDIA
1-739197487,Sweden,POLAND
1-739197764,POLAND,Sweden
1-739198127,Sweden,USA
1-739198138,INDIA,POLAND
1-739198301,Sweden,USA
1-739198811,Sweden,USA
1-739199989,POLAND,INDIA
1-739199989,INDIA,Sweden
1-739203937,Sweden,INDIA
1-739204681,INDIA,POLAND
1-739204750,INDIA,Sweden
1-739208465,Belgium,INDIA
1-739208465,INDIA,POLAND
1-739211706,POLAND,Sweden
1-739213508,POLAND,Sweden
1-739216287,INDIA,Sweden
1-739220189,POLAND,RUSSIAN FEDERATION
1-739220446,China,INDIA
1-739220446,INDIA,POLAND
1-739220446,POLAND,Sweden
1-739224951,Sweden,POLAND
1-739224981,Belgium,POLAND
1-739225001,Sweden,POLAND
1-739225111,Sweden,POLAND
1-739225152,Sweden,POLAND
1-739225221,Sweden,POLAND
1-739225231,Sweden,POLAND
1-739225301,Sweden,POLAND
1-739225321,Sweden,POLAND
1-739225381,Sweden,POLAND
1-739225421,Sweden,POLAND
1-739225471,USA,Sweden
1-739225481,Sweden,POLAND
1-739225511,Sweden,France
1-739225521,Sweden,POLAND
1-739225531,Sweden,POLAND
1-739225661,USA,POLAND
1-739225681,Sweden,POLAND
1-739225691,Sweden,POLAND
1-739225711,Sweden,POLAND
1-739225781,France,POLAND
1-739225821,Sweden,POLAND
1-739227536,China,INDIA
1-739227761,POLAND,Sweden
1-739227790,POLAND,Sweden
1-739228360,POLAND,INDIA
1-739248008,Sweden,Brazil
1-739252774,POLAND,INDIA
1-739254688,POLAND,Sweden
1-739258646,Belgium,POLAND
1-739259336,Belgium,Germany
1-739259772,United Kingdom,Sweden
1-739259772,Sweden,INDIA
1-739259873,Belgium,INDIA
1-739264950,POLAND,France
1-739265645,POLAND,France
1-739269022,INDIA,Brazil
1-739269256,INDIA,Sweden
1-739269455,Belgium,France
1-739271097,POLAND,Sweden
1-739274255,POLAND,France
1-739276913,Belgium,France
1-739277239,POLAND,INDIA
1-739278287,China,Korea
1-739278981,Korea,INDIA
1-739279421,Sweden,INDIA
1-739285090,INDIA,POLAND
1-739292191,POLAND,France
1-739293209,Belgium,Sweden
1-739293209,Sweden,United Kingdom
1-739293904,POLAND,Sweden
1-739293953,POLAND,France
1-739300444,POLAND,France
1-739302563,Belgium,INDIA
1-739302563,INDIA,Brazil
1-739302600,POLAND,Sweden
1-739306733,INDIA,POLAND
1-739308953,POLAND,Brazil
1-739308953,Brazil,INDIA
1-739309009,Belgium,Brazil
1-739309009,Brazil,POLAND
1-739309506,Belgium,France
1-739309800,Belgium,France
1-739314128,POLAND,INDIA
1-739314128,INDIA,Sweden
1-739322153,INDIA,POLAND
1-739322153,POLAND,Sweden
1-739322855,POLAND,INDIA
1-739322855,INDIA,Sweden
1-739327955,Belgium,France
1-739328288,POLAND,France
1-739331094,POLAND,Sweden
1-739331380,POLAND,France
1-739332387,Belgium,INDIA
1-739332387,INDIA,China
1-739332387,China,Sweden
1-739332905,POLAND,INDIA
1-739333517,POLAND,France
1-739333601,Sweden,INDIA
1-739337083,Belgium,France
1-739337228,POLAND,Belgium
1-739357777,Belgium,Sweden
1-739359194,POLAND,Sweden
1-739362461,INDIA,Sweden
1-739362491,Belgium,France
1-739366817,Czech Republic,POLAND
1-739383932,INDIA,POLAND
1-739383932,POLAND,Czech Republic
1-739383932,Czech Republic,Sweden
1-739385451,Sweden,INDIA
1-739389869,Belgium,France
1-739390405,Belgium,Sweden
1-739394476,POLAND,France
1-739399331,Sweden,INDIA
1-739399730,INDIA,Belgium
1-739400069,POLAND,RUSSIAN FEDERATION
1-739400227,Belgium,INDIA
1-739400227,INDIA,POLAND
1-739400416,Belgium,France
1-739400698,POLAND,RUSSIAN FEDERATION
1-739403016,POLAND,Sweden
1-739403016,Sweden,INDIA
1-739403381,INDIA,France
1-739403422,INDIA,France
1-739406031,POLAND,INDIA
1-739406031,INDIA,Sweden
1-739409607,Sweden,INDIA
1-739411011,Sweden,INDIA
1-739411408,POLAND,INDIA
1-739411408,INDIA,Sweden
1-739411411,Sweden,POLAND
1-739411723,Brazil,Sweden
1-739413127,POLAND,Sweden
1-739413403,INDIA,Sweden
1-739415217,POLAND,INDIA
1-739415526,Brazil,POLAND
1-739415569,Brazil,Sweden
1-739415908,POLAND,France
1-739418978,Belgium,Sweden
1-739419280,Belgium,Germany
1-739419594,Brazil,INDIA
1-739424939,Sweden,POLAND
1-739424939,POLAND,INDIA
1-739424939,INDIA,China
1-739424941,Sweden,POLAND
1-739425131,Sweden,POLAND
1-739425131,POLAND,China
1-739425141,USA,POLAND
1-739425181,Brazil,POLAND
1-739425181,POLAND,INDIA
1-739425191,Sweden,POLAND
1-739425291,Sweden,POLAND
1-739425301,Belgium,POLAND
1-739425371,USA,Brazil
1-739425371,Brazil,Sweden
1-739425441,Belgium,Brazil
1-739425441,Brazil,Sweden
1-739425441,Sweden,POLAND
1-739425681,Sweden,POLAND
1-739425711,Sweden,POLAND
1-739425711,POLAND,USA
1-739425721,Sweden,POLAND
1-739425731,Sweden,POLAND
1-739425751,France,POLAND
1-739425771,Belgium,POLAND
1-739425851,Australia,POLAND
1-739425881,Sweden,POLAND
1-739425940,POLAND,RUSSIAN FEDERATION
1-739432551,Brazil,INDIA
1-739452487,Czech Republic,POLAND
1-739452487,POLAND,Brazil
1-739452487,Brazil,Belgium
1-739454164,Sweden,INDIA
1-739454191,INDIA,POLAND
1-739454191,POLAND,Sweden
1-739454252,POLAND,INDIA
1-739454252,INDIA,Brazil
1-739454313,Sweden,Brazil
1-739454313,Brazil,China
1-739454313,China,INDIA
1-739467311,POLAND,Sweden
1-739468081,RUSSIAN FEDERATION,POLAND
1-739472433,Brazil,POLAND
1-739472433,POLAND,INDIA
1-739472433,INDIA,Czech Republic
1-739474674,Belgium,Brazil
1-739474674,Brazil,Germany
1-739474674,Germany,POLAND
1-739480291,Sweden,INDIA
1-739480593,Belgium,Brazil
1-739482563,Sweden,Belgium
1-739482638,INDIA,Sweden
1-739483413,Belgium,Brazil
1-739483413,Brazil,POLAND
1-739483695,Sweden,POLAND
1-739485214,USA,China
1-739488314,Czech Republic,POLAND
1-739488314,POLAND,Brazil
1-739494423,POLAND,Sweden
1-739506803,POLAND,Brazil
1-739507423,Sweden,POLAND
1-739507423,POLAND,Czech Republic
1-739510708,POLAND,Sweden
1-739512617,POLAND,INDIA
1-739513240,INDIA,USA
1-739523048,Sweden,Belgium
1-739524515,POLAND,Sweden
1-739524515,Sweden,INDIA
1-739525417,USA,Sweden
1-739543046,POLAND,Sweden
1-739546914,POLAND,Sweden
1-739548838,POLAND,INDIA
1-739551473,POLAND,INDIA
1-739556519,POLAND,Sweden
1-739560051,Sweden,POLAND
1-739560251,Sweden,INDIA
1-739569803,Belgium,Brazil
1-739569803,Brazil,POLAND
1-739569871,POLAND,USA
1-739572542,Brazil,Sweden
1-739582751,Sweden,INDIA
1-739595023,POLAND,RUSSIAN FEDERATION
1-739599530,Brazil,Sweden
1-739599576,POLAND,France
1-739599620,Brazil,INDIA
1-739604067,Sweden,Belgium
1-739604090,Sweden,Belgium
1-739604574,INDIA,POLAND
1-739605906,Brazil,INDIA
1-739606147,China,Sweden
1-739606373,Brazil,USA
1-739606762,USA,Sweden
1-739610416,POLAND,USA
1-739616092,POLAND,Sweden
1-739620881,USA,INDIA
1-739626420,POLAND,INDIA
1-739626420,INDIA,Sweden
1-739626420,Sweden,United Kingdom
1-739626891,Belgium,Sweden
1-739626891,Sweden,INDIA
1-739642918,Sweden,Belgium
1-739643571,POLAND,Sweden
1-739658999,POLAND,Sweden
1-739659110,USA,Sweden
1-739659110,Sweden,INDIA
1-739659841,Sweden,INDIA
1-739660786,USA,Sweden
1-739661200,Sweden,Brazil
1-739661200,Brazil,POLAND
1-739661200,POLAND,INDIA
1-739661362,Belgium,POLAND
1-739661379,Sweden,Brazil
1-739661379,Brazil,POLAND
1-739661731,Belgium,Sweden
1-739661815,INDIA,France
1-739662177,Belgium,POLAND
1-739662177,POLAND,INDIA
1-739669611,Belgium,POLAND
1-739675591,USA,POLAND
1-739687618,Sweden,INDIA
1-739688243,Brazil,POLAND
1-739688614,Brazil,Sweden
1-739695486,Belgium,Brazil
1-739696554,USA,INDIA
1-739711805,POLAND,INDIA
1-739712584,USA,INDIA
1-739712584,INDIA,Sweden
1-739713622,Brazil,France
1-739713622,France,POLAND
1-739715341,USA,Sweden
1-739716264,Sweden,Belgium
1-739716719,Brazil,Sweden
1-739718404,Brazil,Sweden
1-739718404,Sweden,POLAND
1-739718592,Belgium,Brazil
1-739718592,Brazil,INDIA
1-739718592,INDIA,POLAND
1-739718615,Brazil,POLAND
1-739718615,POLAND,Czech Republic
1-739728136,Sweden,USA
1-739732184,Brazil,INDIA
1-739732184,INDIA,Sweden
1-739733074,POLAND,Sweden
1-739733298,POLAND,Sweden
1-739733457,Belgium,Brazil
1-739747901,Sweden,POLAND
1-739747981,USA,Sweden
1-739748142,Brazil,Sweden
1-739748142,Sweden,POLAND
1-739748142,POLAND,INDIA
1-739748201,USA,Sweden
1-739748241,INDIA,Sweden
1-739748271,Sweden,POLAND
1-739748321,Sweden,POLAND
1-739748381,Sweden,POLAND
1-739748401,Sweden,POLAND
1-739748431,Sweden,POLAND
1-739748431,POLAND,INDIA
1-739748513,Sweden,POLAND
1-739748521,Sweden,POLAND
1-739748531,Sweden,POLAND
1-739748561,Sweden,POLAND
1-739748641,Sweden,POLAND
1-739748711,Sweden,POLAND
1-739748731,Sweden,POLAND
1-739748741,Sweden,POLAND
1-739748751,Sweden,POLAND
1-739748751,POLAND,INDIA
1-739748781,USA,POLAND
1-739748841,Sweden,POLAND
1-739748871,Sweden,POLAND
1-739751655,Sweden,POLAND
1-739751655,POLAND,INDIA
1-739765101,USA,INDIA
1-739770381,USA,Sweden
1-739773148,Brazil,INDIA
1-739773642,Brazil,Sweden
1-739773642,Sweden,USA
1-739775208,USA,INDIA
1-739775208,INDIA,Sweden
1-739780580,INDIA,France
1-739788318,INDIA,POLAND
1-739788318,POLAND,Sweden
1-739791388,Brazil,Sweden
1-739791388,Sweden,INDIA
1-739791800,Brazil,Sweden
1-739793941,Sweden,POLAND
1-739793961,France,POLAND
1-739794081,Korea,POLAND
1-739794121,Sweden,POLAND
1-739794121,POLAND,Korea
1-739794121,Korea,INDIA
1-739800265,Brazil,INDIA
1-739809691,INDIA,Sweden
1-739813913,Brazil,USA
1-739814053,Brazil,USA
1-739814493,Sweden,France
1-739821679,INDIA,Australia
1-739824377,Sweden,France
1-739824427,Sweden,France
1-739829006,INDIA,POLAND
1-739837348,Brazil,Sweden
1-739842421,INDIA,Belgium
1-739842681,Sweden,INDIA
1-739843472,China,Korea
1-739845918,Brazil,Australia
1-739846111,Sweden,POLAND
1-739846371,POLAND,RUSSIAN FEDERATION
1-739847770,POLAND,INDIA
1-739851171,INDIA,Sweden
1-739872261,THAILAND,Sweden
1-739872261,Sweden,INDIA
1-739898763,INDIA,Sweden
1-739899771,INDIA,POLAND
1-739901781,Belgium,POLAND
1-739901781,POLAND,Germany
1-739903149,INDIA,Sweden
1-739903149,Sweden,POLAND
1-740285665,Sweden,POLAND
1-740292500,Sweden,Belgium
1-740292753,Sweden,Belgium
1-740293061,INDIA,Sweden
1-740293061,Sweden,Belgium
1-740300419,INDIA,Brazil
1-740302057,China,Korea
1-740302198,INDIA,Sweden
1-740303502,Sweden,POLAND
1-740307677,China,Korea
1-740307773,POLAND,France
1-740307782,POLAND,Sweden
1-740307782,Sweden,INDIA
1-740316201,Sweden,POLAND
1-740316633,Sweden,France
1-740316721,France,INDIA
1-740322310,INDIA,POLAND
1-740322831,POLAND,France
1-740328136,POLAND,France
1-740330013,INDIA,Sweden
1-740330618,Sweden,Belgium
1-740330720,INDIA,POLAND
1-740330824,Sweden,Belgium
1-740339106,Sweden,POLAND
1-740339106,POLAND,Brazil
1-740339106,Brazil,INDIA
1-740342178,POLAND,Sweden
1-740342839,INDIA,POLAND
1-740344932,Sweden,POLAND
1-740344950,Sweden,INDIA
1-740344950,INDIA,POLAND
1-740348417,POLAND,Sweden
1-740357079,POLAND,Sweden
1-740357708,POLAND,RUSSIAN FEDERATION
1-740364166,POLAND,INDIA
1-740364593,POLAND,Sweden
1-740364822,POLAND,Sweden
1-740371161,POLAND,France
1-740371348,THAILAND,China
1-740371820,POLAND,France
1-740371900,THAILAND,China
1-740387864,POLAND,Sweden
1-740394421,POLAND,Sweden
1-740396560,Belgium,Sweden
1-740396560,Sweden,INDIA
1-740396572,POLAND,France
1-740396720,POLAND,INDIA
1-740396720,INDIA,United Kingdom
1-740404027,INDIA,Sweden
1-740404130,POLAND,France
1-740406689,POLAND,Netherlands
1-740413739,POLAND,Sweden
1-740421206,INDIA,Sweden
1-740421478,Sweden,POLAND
1-740421503,INDIA,POLAND
1-740421503,POLAND,Sweden
1-740421552,INDIA,POLAND
1-740421552,POLAND,Sweden
1-740423292,Sweden,France
1-740423797,INDIA,Sweden
1-740434999,POLAND,INDIA
1-740434999,INDIA,Belgium
1-740435381,POLAND,Sweden
1-740437148,INDIA,Germany
1-740443984,POLAND,INDIA
1-740444716,POLAND,Sweden
1-740449730,INDIA,Sweden
1-740449736,Belgium,INDIA
1-740453701,Belgium,France
1-740453732,France,Belgium
1-740455245,POLAND,Sweden
1-740455673,POLAND,Sweden
1-740460458,POLAND,INDIA
1-740461032,INDIA,Sweden
1-740461411,France,China
1-740461411,China,POLAND
1-740461532,INDIA,France
1-740461532,France,Sweden
1-740462359,POLAND,France
1-740462663,POLAND,France
1-740470151,INDIA,Sweden
1-740470151,Sweden,USA
1-740470151,USA,Korea
1-740470151,Korea,POLAND
1-740470730,Belgium,INDIA
1-740470730,INDIA,China
1-740471621,Belgium,Sweden
1-740490061,France,Sweden
1-740490411,INDIA,Sweden
1-740490668,POLAND,Sweden
1-740492992,Sweden,POLAND
1-740493021,Sweden,POLAND
1-740493061,Sweden,POLAND
1-740493071,Sweden,POLAND
1-740493101,Sweden,POLAND
1-740493101,POLAND,France
1-740493131,France,POLAND
1-740493181,Sweden,POLAND
1-740493271,USA,POLAND
1-740493271,POLAND,Brazil
1-740493291,Sweden,POLAND
1-740493362,Italy,POLAND
1-740493362,POLAND,Belgium
1-740493362,Belgium,Sweden
1-740493371,Sweden,POLAND
1-740493431,Sweden,POLAND
1-740493471,Sweden,POLAND
1-740493521,Sweden,POLAND
1-740493772,RUSSIAN FEDERATION,Sweden
1-740493772,Sweden,POLAND
1-740506268,Belgium,France
1-740517201,France,Sweden
1-740529071,POLAND,INDIA
1-740529071,INDIA,Sweden
1-740529525,POLAND,MALAYSIA
1-740534568,Brazil,Sweden
1-740534878,INDIA,Sweden
1-740538038,POLAND,France
1-740538062,POLAND,INDIA
1-740542029,Sweden,Brazil
1-740542029,Brazil,United Kingdom
1-740542342,POLAND,RUSSIAN FEDERATION
1-740545215,POLAND,France
1-740545322,POLAND,INDIA
1-740545470,POLAND,Sweden
1-740550393,France,INDIA
1-740570874,Sweden,INDIA
1-740575599,INDIA,POLAND
1-740575599,POLAND,Czech Republic
1-740580386,POLAND,Sweden
1-740580386,Sweden,Brazil
1-740591685,POLAND,Sweden
1-740591717,INDIA,POLAND
1-740595579,Sweden,INDIA
1-740596231,Brazil,INDIA
1-740596818,POLAND,Sweden
1-740596818,Sweden,INDIA
1-740596823,Brazil,Sweden
1-740596977,POLAND,INDIA
1-740597399,Sweden,INDIA
1-740610803,POLAND,Sweden
1-740618165,Brazil,POLAND
1-740618457,Brazil,Sweden
1-740622964,POLAND,Sweden
1-740623233,POLAND,Brazil
1-740628101,INDIA,POLAND
1-740628213,POLAND,Sweden
1-740628896,POLAND,Sweden
1-740630061,Sweden,INDIA
1-740630195,USA,Sweden
1-740632381,POLAND,RUSSIAN FEDERATION
1-740633534,Belgium,Brazil
1-740633534,Brazil,China
1-740633534,China,Sweden
1-740633534,Sweden,INDIA
1-740633703,Canada,USA
1-740638047,Belgium,Brazil
1-740638047,Brazil,POLAND
1-740638571,POLAND,USA
1-740641386,Belgium,Sweden
1-740641386,Sweden,United Kingdom
1-740648385,Brazil,POLAND
1-740648620,POLAND,INDIA
1-740648620,INDIA,France
1-740651704,Sweden,POLAND
1-740651704,POLAND,Brazil
1-740676845,Brazil,Sweden
1-740676879,Brazil,Sweden
1-740677448,INDIA,POLAND
1-740679046,Sweden,POLAND
1-740681625,Brazil,Sweden
1-740682191,POLAND,INDIA
1-740682191,INDIA,Sweden
1-740682529,POLAND,USA
1-740682529,USA,Sweden
1-740682529,Sweden,INDIA
1-740682941,Sweden,POLAND
1-740682961,Sweden,POLAND
1-740683041,France,POLAND
1-740683101,Sweden,POLAND
1-740683101,POLAND,Brazil
1-740683341,USA,China
1-740683906,Belgium,Brazil
1-740683906,Brazil,INDIA
1-740683906,INDIA,POLAND
1-740684600,Belgium,Brazil
1-740684682,Canada,Sweden
1-740684766,Belgium,Sweden
1-740695912,INDIA,POLAND
1-740695912,POLAND,Sweden
1-740703014,POLAND,Sweden
1-740703310,POLAND,USA
1-740703310,USA,INDIA
1-740703544,POLAND,INDIA
1-740703682,POLAND,INDIA
1-740703747,POLAND,INDIA
1-740703867,POLAND,INDIA
1-740703867,INDIA,Sweden
1-740707326,Brazil,INDIA
1-740715676,POLAND,Sweden
1-740715676,Sweden,USA
1-740715676,USA,Brazil
1-740723068,Brazil,Sweden
1-740723470,Brazil,POLAND
1-740726483,USA,Sweden
1-740726483,Sweden,INDIA
1-740732022,POLAND,INDIA
1-740732022,INDIA,Sweden
1-740736011,USA,POLAND
1-740739879,POLAND,Sweden
1-740740907,Brazil,Sweden
1-740741561,Belgium,POLAND
1-740741591,Sweden,INDIA
1-740741891,Belgium,Brazil
1-740745971,France,Sweden
1-740746345,Sweden,USA
1-740749094,Brazil,USA
1-740749185,Brazil,INDIA
1-740751561,Czech Republic,POLAND
1-740751967,USA,INDIA
1-740751967,INDIA,Sweden
1-740752103,POLAND,Sweden
1-740752351,POLAND,RUSSIAN FEDERATION
1-740765939,Brazil,Sweden
1-740765939,Sweden,POLAND
1-740767198,USA,Sweden
1-740771213,Brazil,POLAND
1-740771790,Sweden,Brazil
1-740780000,INDIA,POLAND
1-740780169,INDIA,POLAND
1-740780180,Sweden,USA
1-740780933,Belgium,Brazil
1-740781113,POLAND,Sweden
1-740781202,POLAND,Sweden
1-740781343,POLAND,Sweden
1-740791340,Brazil,Sweden
1-740791397,Brazil,INDIA
1-740791622,Brazil,USA
1-740791756,Brazil,Sweden
1-740791756,Sweden,INDIA
1-740791756,INDIA,POLAND
1-740791865,Brazil,Sweden
1-740791865,Sweden,POLAND
1-740791865,POLAND,INDIA
1-740792783,Belgium,Brazil
1-740801390,Brazil,POLAND
1-740801390,POLAND,Sweden
1-740811102,Brazil,Sweden
1-740811300,Brazil,POLAND
1-740811922,Canada,Sweden
1-740812490,USA,INDIA
1-740816836,Brazil,Sweden
1-740816836,Sweden,POLAND
1-740820201,France,INDIA
1-740820286,Brazil,Sweden
1-740824274,INDIA,France
1-740826591,Sweden,INDIA
1-740829059,Sweden,Brazil
1-740835239,Brazil,Sweden
1-740847333,Sweden,USA
1-740853009,Brazil,INDIA
1-740853009,INDIA,Sweden
1-740853095,Brazil,POLAND
1-740853360,Sweden,INDIA
1-740858155,Sweden,France
1-740858571,Sweden,France
1-740859521,Sweden,Brazil
1-740859781,Sweden,Brazil
1-740861351,Japan,Sweden
